forecast_id,origin,turbine_id,timestamp,lead_hour,power,lower,upper
3,2026-01-31T19:00:00+00:00,1,2026-01-31T19:00:00+00:00,0,0.010000085102853464,0.0,0.04912820134814505
3,2026-01-31T19:00:00+00:00,1,2026-01-31T20:00:00+00:00,1,0.010000085102853464,0.0,0.04912820134814505
3,2026-01-31T19:00:00+00:00,1,2026-01-31T21:00:00+00:00,2,0.010000085102853464,0.0,0.04912820134814505
3,2026-01-31T19:00:00+00:00,1,2026-01-31T22:00:00+00:00,3,0.010000085102853464,0.0,0.04912820134814505
3,2026-01-31T19:00:00+00:00,1,2026-01-31T23:00:00+00:00,4,0.010000085102853464,0.0,0.04912820134814505
3,2026-01-31T19:00:00+00:00,1,2026-02-01T00:00:00+00:00,5,0.010000085102853464,0.0,0.04912820134814505
3,2026-01-31T19:00:00+00:00,1,2026-02-01T01:00:00+00:00,6,0.010000085102853464,0.0,0.04912820134814505
3,2026-01-31T19:00:00+00:00,1,2026-02-01T02:00:00+00:00,7,0.01010124301753742,0.0,0.049229359262829
3,2026-01-31T19:00:00+00:00,1,2026-02-01T03:00:00+00:00,8,0.021056730415108554,0.0,0.06018484666040014
3,2026-01-31T19:00:00+00:00,1,2026-02-01T04:00:00+00:00,9,0.023055583221541463,0.0,0.062183699466833046
3,2026-01-31T19:00:00+00:00,1,2026-02-01T05:00:00+00:00,10,0.011741934323206577,0.0,0.05087005056849816
3,2026-01-31T19:00:00+00:00,1,2026-02-01T06:00:00+00:00,11,0.02390016518661972,0.0,0.0630282814319113
3,2026-01-31T19:00:00+00:00,1,2026-02-01T07:00:00+00:00,12,0.03749529602736596,0.0,0.07662341227265754
3,2026-01-31T19:00:00+00:00,1,2026-02-01T08:00:00+00:00,13,0.050378579516799304,0.011250463271507721,0.08950669576209089
3,2026-01-31T19:00:00+00:00,1,2026-02-01T09:00:00+00:00,14,0.054013975204316396,0.014885858959024813,0.09314209144960797
3,2026-01-31T19:00:00+00:00,1,2026-02-01T10:00:00+00:00,15,0.05561941776352805,0.016491301518236468,0.09474753400881963
3,2026-01-31T19:00:00+00:00,1,2026-02-01T11:00:00+00:00,16,0.15234962849062544,0.11322151224533386,0.19147774473591703
3,2026-01-31T19:00:00+00:00,1,2026-02-01T12:00:00+00:00,17,0.15762081022511146,0.11849269397981987,0.19674892647040304
3,2026-01-31T19:00:00+00:00,1,2026-02-01T13:00:00+00:00,18,0.1741722968866262,0.1350441806413346,0.21330041313191778
3,2026-01-31T19:00:00+00:00,1,2026-02-01T14:00:00+00:00,19,0.20187297833583007,0.16274486209053848,0.24100109458112165
3,2026-01-31T19:00:00+00:00,1,2026-02-01T15:00:00+00:00,20,0.2510253343447002,0.21189721809940862,0.29015345058999176
3,2026-01-31T19:00:00+00:00,1,2026-02-01T16:00:00+00:00,21,0.22434525240186537,0.1852171361565738,0.263473368647157
3,2026-01-31T19:00:00+00:00,1,2026-02-01T17:00:00+00:00,22,0.21917158816659954,0.18004347192130796,0.2582997044118911
3,2026-01-31T19:00:00+00:00,1,2026-02-01T18:00:00+00:00,23,0.19968342874840578,0.1605553125031142,0.23881154499369736
3,2026-01-31T19:00:00+00:00,1,2026-02-01T19:00:00+00:00,24,0.20783341912952152,0.16870530288422994,0.2469615353748131
3,2026-01-31T19:00:00+00:00,1,2026-02-01T20:00:00+00:00,25,0.23626183539874324,0.19713371915345165,0.2753899516440348
3,2026-01-31T19:00:00+00:00,1,2026-02-01T21:00:00+00:00,26,0.25071176676581686,0.21158365052052527,0.2898398830111084
3,2026-01-31T19:00:00+00:00,1,2026-02-01T22:00:00+00:00,27,0.2434938257627911,0.20436570951749952,0.28262194200808266
3,2026-01-31T19:00:00+00:00,1,2026-02-01T23:00:00+00:00,28,0.25258597561127116,0.21345785936597958,0.2917140918565627
3,2026-01-31T19:00:00+00:00,1,2026-02-02T00:00:00+00:00,29,0.27929337991015457,0.240165263664863,0.3184214961554461
3,2026-01-31T19:00:00+00:00,1,2026-02-02T01:00:00+00:00,30,0.31099337991015463,0.2718652636648631,0.3501214961554462
3,2026-01-31T19:00:00+00:00,1,2026-02-02T02:00:00+00:00,31,0.2773451864494991,0.23821707020420754,0.3164733026947907
3,2026-01-31T19:00:00+00:00,1,2026-02-02T03:00:00+00:00,32,0.24972031283264903,0.21059219658735745,0.2888484290779406
3,2026-01-31T19:00:00+00:00,1,2026-02-02T04:00:00+00:00,33,0.3876343401707391,0.3485062239254475,0.4267624564160307
3,2026-01-31T19:00:00+00:00,1,2026-02-02T05:00:00+00:00,34,0.28676476676360463,0.24763665051831305,0.3258928830088962
3,2026-01-31T19:00:00+00:00,1,2026-02-02T06:00:00+00:00,35,0.416083629213223,0.3769555129679314,0.4552117454585146
3,2026-01-31T19:00:00+00:00,1,2026-02-02T07:00:00+00:00,36,0.5579843676994156,0.5188562514541241,0.5971124839447072
3,2026-01-31T19:00:00+00:00,1,2026-02-02T08:00:00+00:00,37,0.6913875406810721,0.6522594244357806,0.7305156569263637
3,2026-01-31T19:00:00+00:00,1,2026-02-02T09:00:00+00:00,38,0.6651347784247439,0.6260066621794523,0.7042628946700354
3,2026-01-31T19:00:00+00:00,1,2026-02-02T10:00:00+00:00,39,0.464945899097483,0.4258177828521914,0.5040740153427746
3,2026-01-31T19:00:00+00:00,1,2026-02-02T11:00:00+00:00,40,0.053059355682992325,0.013931239437700742,0.09218747192828392
3,2026-01-31T19:00:00+00:00,1,2026-02-02T12:00:00+00:00,41,0.010000085102853464,0.0,0.04912820134814505
3,2026-01-31T19:00:00+00:00,1,2026-02-02T13:00:00+00:00,42,0.012652732883380197,0.0,0.05178084912867178
3,2026-01-31T19:00:00+00:00,1,2026-02-02T14:00:00+00:00,43,0.060882493571112355,0.02175437732582077,0.10001060981640394
3,2026-01-31T19:00:00+00:00,1,2026-02-02T15:00:00+00:00,44,0.0629884210241216,0.023860304778830013,0.10211653726941318
3,2026-01-31T19:00:00+00:00,1,2026-02-02T16:00:00+00:00,45,0.07878218178415002,0.03965406553885843,0.1179102980294416
3,2026-01-31T19:00:00+00:00,1,2026-02-02T17:00:00+00:00,46,0.039933917650704226,0.0008058014054126428,0.07906203389599581
3,2026-01-31T19:00:00+00:00,1,2026-02-02T18:00:00+00:00,47,0.049097823013554726,0.009969706768263142,0.08822593925884631
3,2026-01-31T19:00:00+00:00,2,2026-01-31T19:00:00+00:00,0,0.010000079546339509,0.0,0.04544754684110851
3,2026-01-31T19:00:00+00:00,2,2026-01-31T20:00:00+00:00,1,0.010000079546339509,0.0,0.04544754684110851
3,2026-01-31T19:00:00+00:00,2,2026-01-31T21:00:00+00:00,2,0.010000079546339509,0.0,0.04544754684110851
3,2026-01-31T19:00:00+00:00,2,2026-01-31T22:00:00+00:00,3,0.010000079546339509,0.0,0.04544754684110851
3,2026-01-31T19:00:00+00:00,2,2026-01-31T23:00:00+00:00,4,0.010000079546339509,0.0,0.04544754684110851
3,2026-01-31T19:00:00+00:00,2,2026-02-01T00:00:00+00:00,5,0.010000079546339509,0.0,0.04544754684110851
3,2026-01-31T19:00:00+00:00,2,2026-02-01T01:00:00+00:00,6,0.010000079546339509,0.0,0.04544754684110851
3,2026-01-31T19:00:00+00:00,2,2026-02-01T02:00:00+00:00,7,0.009915875124255864,0.0,0.04536334241902486
3,2026-01-31T19:00:00+00:00,2,2026-02-01T03:00:00+00:00,8,0.01396543752137529,0.0,0.049412904816144285
3,2026-01-31T19:00:00+00:00,2,2026-02-01T04:00:00+00:00,9,0.017653069065440237,0.0,0.053100536360209234
3,2026-01-31T19:00:00+00:00,2,2026-02-01T05:00:00+00:00,10,0.010077675660267026,0.0,0.04552514295503603
3,2026-01-31T19:00:00+00:00,2,2026-02-01T06:00:00+00:00,11,0.021413817990151938,0.0,0.05686128528492093
3,2026-01-31T19:00:00+00:00,2,2026-02-01T07:00:00+00:00,12,0.03777201266100278,0.0023245453662337837,0.07321947995577177
3,2026-01-31T19:00:00+00:00,2,2026-02-01T08:00:00+00:00,13,0.043801239277704664,0.008353771982935666,0.07924870657247365
3,2026-01-31T19:00:00+00:00,2,2026-02-01T09:00:00+00:00,14,0.05345508056648411,0.018007613271715114,0.08890254786125311
3,2026-01-31T19:00:00+00:00,2,2026-02-01T10:00:00+00:00,15,0.04964511556289015,0.01419764826812115,0.08509258285765914
3,2026-01-31T19:00:00+00:00,2,2026-02-01T11:00:00+00:00,16,0.15825643134234613,0.12280896404757713,0.19370389863711512
3,2026-01-31T19:00:00+00:00,2,2026-02-01T12:00:00+00:00,17,0.15949257871053607,0.12404511141576707,0.19494004600530507
3,2026-01-31T19:00:00+00:00,2,2026-02-01T13:00:00+00:00,18,0.167795438524323,0.132347971229554,0.203242905819092
3,2026-01-31T19:00:00+00:00,2,2026-02-01T14:00:00+00:00,19,0.20229491997917337,0.16684745268440437,0.23774238727394237
3,2026-01-31T19:00:00+00:00,2,2026-02-01T15:00:00+00:00,20,0.24025159934629953,0.20480413205153053,0.2756990666410685
3,2026-01-31T19:00:00+00:00,2,2026-02-01T16:00:00+00:00,21,0.2128398033913554,0.1773923360965864,0.24828727068612438
3,2026-01-31T19:00:00+00:00,2,2026-02-01T17:00:00+00:00,22,0.21835988543970636,0.18291241814493736,0.25380735273447536
3,2026-01-31T19:00:00+00:00,2,2026-02-01T18:00:00+00:00,23,0.2097023589333985,0.1742548916386295,0.2451498262281675
3,2026-01-31T19:00:00+00:00,2,2026-02-01T19:00:00+00:00,24,0.20860361563899998,0.173156148344231,0.24405108293376898
3,2026-01-31T19:00:00+00:00,2,2026-02-01T20:00:00+00:00,25,0.21726114214530784,0.18181367485053884,0.25270860944007684
3,2026-01-31T19:00:00+00:00,2,2026-02-01T21:00:00+00:00,26,0.2356417882993101,0.2001943210045411,0.2710892555940791
3,2026-01-31T19:00:00+00:00,2,2026-02-01T22:00:00+00:00,27,0.22118677706230386,0.18573930976753486,0.2566342443570728
3,2026-01-31T19:00:00+00:00,2,2026-02-01T23:00:00+00:00,28,0.23421530518786524,0.19876783789309624,0.26966277248263426
3,2026-01-31T19:00:00+00:00,2,2026-02-02T00:00:00+00:00,29,0.26890711523187655,0.23345964793710755,0.30435458252664555
3,2026-01-31T19:00:00+00:00,2,2026-02-02T01:00:00+00:00,30,0.26890711523187655,0.23345964793710755,0.30435458252664555
3,2026-01-31T19:00:00+00:00,2,2026-02-02T02:00:00+00:00,31,0.26890711523187655,0.23345964793710755,0.30435458252664555
3,2026-01-31T19:00:00+00:00,2,2026-02-02T03:00:00+00:00,32,0.24046135880886943,0.20501389151410043,0.2759088261036384
3,2026-01-31T19:00:00+00:00,2,2026-02-02T04:00:00+00:00,33,0.37036382911817395,0.33491636182340495,0.40581129641294295
3,2026-01-31T19:00:00+00:00,2,2026-02-02T05:00:00+00:00,34,0.2696543859926652,0.23420691869789623,0.3051018532874342
3,2026-01-31T19:00:00+00:00,2,2026-02-02T06:00:00+00:00,35,0.3889576228295279,0.3535101555347589,0.4244050901242969
3,2026-01-31T19:00:00+00:00,2,2026-02-02T07:00:00+00:00,36,0.5444420181292509,0.5089945508344819,0.5798894854240199
3,2026-01-31T19:00:00+00:00,2,2026-02-02T08:00:00+00:00,37,0.6758423132605607,0.6403948459657917,0.7112897805553297
3,2026-01-31T19:00:00+00:00,2,2026-02-02T09:00:00+00:00,38,0.6533963058301182,0.6179488385353492,0.6888437731248872
3,2026-01-31T19:00:00+00:00,2,2026-02-02T10:00:00+00:00,39,0.4420315097146113,0.4065840424198423,0.4774789770093803
3,2026-01-31T19:00:00+00:00,2,2026-02-02T11:00:00+00:00,40,0.04653211539726574,0.011084648102496743,0.08197958269203473
3,2026-01-31T19:00:00+00:00,2,2026-02-02T12:00:00+00:00,41,0.010000079546339509,0.0,0.04544754684110851
3,2026-01-31T19:00:00+00:00,2,2026-02-02T13:00:00+00:00,42,0.009983998064540188,0.0,0.045431465359309184
3,2026-01-31T19:00:00+00:00,2,2026-02-02T14:00:00+00:00,43,0.05428079313619072,0.018833325841421722,0.08972826043095972
3,2026-01-31T19:00:00+00:00,2,2026-02-02T15:00:00+00:00,44,0.047201934278412995,0.011754466983643998,0.08264940157318199
3,2026-01-31T19:00:00+00:00,2,2026-02-02T16:00:00+00:00,45,0.07223362444047889,0.03678615714570989,0.10768109173524788
3,2026-01-31T19:00:00+00:00,2,2026-02-02T17:00:00+00:00,46,0.03624643989990807,0.0007989726051390728,0.07169390719467707
3,2026-01-31T19:00:00+00:00,2,2026-02-02T18:00:00+00:00,47,0.037035631619525895,0.001588164324756898,0.07248309891429489
4,2026-02-01T19:00:00+00:00,1,2026-02-01T19:00:00+00:00,0,0.2256746548118394,0.18654653856654782,0.264802771057131
4,2026-02-01T19:00:00+00:00,1,2026-02-01T20:00:00+00:00,1,0.22735065481183941,0.18822253856654783,0.266478771057131
4,2026-02-01T19:00:00+00:00,1,2026-02-01T21:00:00+00:00,2,0.1802442087328222,0.14111609248753063,0.2193723249781138
4,2026-02-01T19:00:00+00:00,1,2026-02-01T22:00:00+00:00,3,0.21942633905477432,0.18029822280948274,0.25855445530006593
4,2026-02-01T19:00:00+00:00,1,2026-02-01T23:00:00+00:00,4,0.31099337991015463,0.2718652636648631,0.3501214961554462
4,2026-02-01T19:00:00+00:00,1,2026-02-02T00:00:00+00:00,5,0.3163318498556158,0.27720373361032424,0.35545996610090735
4,2026-02-01T19:00:00+00:00,1,2026-02-02T01:00:00+00:00,6,0.34628629431383623,0.3071581780685446,0.38541441055912784
4,2026-02-01T19:00:00+00:00,1,2026-02-02T02:00:00+00:00,7,0.3718781865498752,0.3327500703045836,0.4110063027951668
4,2026-02-01T19:00:00+00:00,1,2026-02-02T03:00:00+00:00,8,0.3712251247847001,0.3320970085394085,0.4103532410299917
4,2026-02-01T19:00:00+00:00,1,2026-02-02T04:00:00+00:00,9,0.48844361433692834,0.44931549809163673,0.52757173058222
4,2026-02-01T19:00:00+00:00,1,2026-02-02T05:00:00+00:00,10,0.33557766089705515,0.29644954465176354,0.37470577714234676
4,2026-02-01T19:00:00+00:00,1,2026-02-02T06:00:00+00:00,11,0.38997335831928376,0.35084524207399215,0.42910147456457537
4,2026-02-01T19:00:00+00:00,1,2026-02-02T07:00:00+00:00,12,0.48708469687633743,0.4479565806310458,0.526212813121629
4,2026-02-01T19:00:00+00:00,1,2026-02-02T08:00:00+00:00,13,0.5363033667820198,0.4971752505367283,0.5754314830273114
4,2026-02-01T19:00:00+00:00,1,2026-02-02T09:00:00+00:00,14,0.5787645085617676,0.5396363923164761,0.6178926248070592
4,2026-02-01T19:00:00+00:00,1,2026-02-02T10:00:00+00:00,15,0.4893716234881362,0.45024350724284457,0.5284997397334278
4,2026-02-01T19:00:00+00:00,1,2026-02-02T11:00:00+00:00,16,0.4639013538062255,0.4247732375609339,0.5030294700515171
4,2026-02-01T19:00:00+00:00,1,2026-02-02T12:00:00+00:00,17,0.1761686520528006,0.13704053580750902,0.2152967682980922
4,2026-02-01T19:00:00+00:00,1,2026-02-02T13:00:00+00:00,18,0.023528628325295495,0.0,0.06265674457058708
4,2026-02-01T19:00:00+00:00,1,2026-02-02T14:00:00+00:00,19,0.01215767119413942,0.0,0.051285787439431005
4,2026-02-01T19:00:00+00:00,1,2026-02-02T15:00:00+00:00,20,0.010000085102853464,0.0,0.04912820134814505
4,2026-02-01T19:00:00+00:00,1,2026-02-02T16:00:00+00:00,21,0.010000085102853464,0.0,0.04912820134814505
4,2026-02-01T19:00:00+00:00,1,2026-02-02T17:00:00+00:00,22,0.010040379289001101,0.0,0.049168495534292686
4,2026-02-01T19:00:00+00:00,1,2026-02-02T18:00:00+00:00,23,0.015517058540047762,0.0,0.05464517478533935
4,2026-02-01T19:00:00+00:00,1,2026-02-02T19:00:00+00:00,24,0.049707562133277976,0.010579445887986393,0.08883567837856957
4,2026-02-01T19:00:00+00:00,1,2026-02-02T20:00:00+00:00,25,0.11539481691951607,0.07626670067422449,0.15452293316480764
4,2026-02-01T19:00:00+00:00,1,2026-02-02T21:00:00+00:00,26,0.21128085385867354,0.17215273761338196,0.2504089701039651
4,2026-02-01T19:00:00+00:00,1,2026-02-02T22:00:00+00:00,27,0.2434938257627911,0.20436570951749952,0.28262194200808266
4,2026-02-01T19:00:00+00:00,1,2026-02-02T23:00:00+00:00,28,0.15371524589258007,0.11458712964728848,0.19284336213787165
4,2026-02-01T19:00:00+00:00,1,2026-02-03T00:00:00+00:00,29,0.09537721976603847,0.056249103520746885,0.13450533601133005
4,2026-02-01T19:00:00+00:00,1,2026-02-03T01:00:00+00:00,30,0.12635153589258008,0.0872234196472885,0.16547965213787166
4,2026-02-01T19:00:00+00:00,1,2026-02-03T02:00:00+00:00,31,0.11558010700703059,0.076451990761739,0.15470822325232217
4,2026-02-01T19:00:00+00:00,1,2026-02-03T03:00:00+00:00,32,0.010000085102853464,0.0,0.04912820134814505
4,2026-02-01T19:00:00+00:00,1,2026-02-03T04:00:00+00:00,33,0.009885273401363925,0.0,0.04901338964665551
4,2026-02-01T19:00:00+00:00,1,2026-02-03T05:00:00+00:00,34,0.010000085102853464,0.0,0.04912820134814505
4,2026-02-01T19:00:00+00:00,1,2026-02-03T06:00:00+00:00,35,0.0385753300974113,0.0,0.07770344634270288
4,2026-02-01T19:00:00+00:00,1,2026-02-03T07:00:00+00:00,36,0.03496880595441171,0.0,0.07409692219970329
4,2026-02-01T19:00:00+00:00,1,2026-02-03T08:00:00+00:00,37,0.011630744467192927,0.0,0.05075886071248451
4,2026-02-01T19:00:00+00:00,1,2026-02-03T09:00:00+00:00,38,0.019536399400357264,0.0,0.05866451564564885
4,2026-02-01T19:00:00+00:00,1,2026-02-03T10:00:00+00:00,39,0.10310020177582187,0.06397208553053028,0.14222831802111346
4,2026-02-01T19:00:00+00:00,1,2026-02-03T11:00:00+00:00,40,0.07750401046861109,0.03837589422331951,0.11663212671390268
4,2026-02-01T19:00:00+00:00,1,2026-02-03T12:00:00+00:00,41,0.11280845280927024,0.07368033656397865,0.15193656905456182
4,2026-02-01T19:00:00+00:00,1,2026-02-03T13:00:00+00:00,42,0.2855970622865325,0.2464689460412409,0.32472517853182403
4,2026-02-01T19:00:00+00:00,1,2026-02-03T14:00:00+00:00,43,0.3616595647883331,0.3225314485430415,0.4007876810336247
4,2026-02-01T19:00:00+00:00,1,2026-02-03T15:00:00+00:00,44,0.32571077212719113,0.2865826558818996,0.3648388883724827
4,2026-02-01T19:00:00+00:00,1,2026-02-03T16:00:00+00:00,45,0.17863100236151686,0.13950288611622527,0.21775911860680844
4,2026-02-01T19:00:00+00:00,1,2026-02-03T17:00:00+00:00,46,0.1573819371113,0.11825382086600841,0.19651005335659158
4,2026-02-01T19:00:00+00:00,1,2026-02-03T18:00:00+00:00,47,0.050743174724763224,0.01161505847947164,0.0898712909700548
4,2026-02-01T19:00:00+00:00,2,2026-02-01T19:00:00+00:00,0,0.2179854128212747,0.1825379455265057,0.2534328801160437
4,2026-02-01T19:00:00+00:00,2,2026-02-01T20:00:00+00:00,1,0.21024612009695687,0.17479865280218787,0.24569358739172587
4,2026-02-01T19:00:00+00:00,2,2026-02-01T21:00:00+00:00,2,0.167795438524323,0.132347971229554,0.203242905819092
4,2026-02-01T19:00:00+00:00,2,2026-02-01T22:00:00+00:00,3,0.208819636985512,0.173372169690743,0.244267104280281
4,2026-02-01T19:00:00+00:00,2,2026-02-01T23:00:00+00:00,4,0.26890711523187655,0.23345964793710755,0.30435458252664555
4,2026-02-01T19:00:00+00:00,2,2026-02-02T00:00:00+00:00,5,0.2714190003179822,0.23597153302321322,0.3068664676127512
4,2026-02-01T19:00:00+00:00,2,2026-02-02T01:00:00+00:00,6,0.3327190003179822,0.2972715330232132,0.3681664676127512
4,2026-02-01T19:00:00+00:00,2,2026-02-02T02:00:00+00:00,7,0.3597875434008842,0.3243400761061152,0.3952350106956532
4,2026-02-01T19:00:00+00:00,2,2026-02-02T03:00:00+00:00,8,0.36403435695296205,0.32858688965819305,0.39948182424773104
4,2026-02-01T19:00:00+00:00,2,2026-02-02T04:00:00+00:00,9,0.4865851368646051,0.4511376695698361,0.5220326041593741
4,2026-02-01T19:00:00+00:00,2,2026-02-02T05:00:00+00:00,10,0.32818850719266524,0.29274103989789624,0.36363597448743423
4,2026-02-01T19:00:00+00:00,2,2026-02-02T06:00:00+00:00,11,0.3875968281191318,0.3521493608243628,0.4230442954139008
4,2026-02-01T19:00:00+00:00,2,2026-02-02T07:00:00+00:00,12,0.46715250656699847,0.4317050392722295,0.5025999738617675
4,2026-02-01T19:00:00+00:00,2,2026-02-02T08:00:00+00:00,13,0.5207849179137953,0.48533745061902633,0.5562323852085643
4,2026-02-01T19:00:00+00:00,2,2026-02-02T09:00:00+00:00,14,0.566318683491549,0.53087121619678,0.601766150786318
4,2026-02-01T19:00:00+00:00,2,2026-02-02T10:00:00+00:00,15,0.4919897269957019,0.45654225970093293,0.527437194290471
4,2026-02-01T19:00:00+00:00,2,2026-02-02T11:00:00+00:00,16,0.4668377625597312,0.4313902952649622,0.5022852298545002
4,2026-02-01T19:00:00+00:00,2,2026-02-02T12:00:00+00:00,17,0.17397948699142074,0.13853201969665174,0.20942695428618974
4,2026-02-01T19:00:00+00:00,2,2026-02-02T13:00:00+00:00,18,0.018742844062202803,0.0,0.054190311356971804
4,2026-02-01T19:00:00+00:00,2,2026-02-02T14:00:00+00:00,19,0.00912097701772717,0.0,0.04456844431249617
4,2026-02-01T19:00:00+00:00,2,2026-02-02T15:00:00+00:00,20,0.010000079546339509,0.0,0.04544754684110851
4,2026-02-01T19:00:00+00:00,2,2026-02-02T16:00:00+00:00,21,0.009992367862838358,0.0,0.045439835157607356
4,2026-02-01T19:00:00+00:00,2,2026-02-02T17:00:00+00:00,22,0.009915875124255864,0.0,0.04536334241902486
4,2026-02-01T19:00:00+00:00,2,2026-02-02T18:00:00+00:00,23,0.009515924967580887,0.0,0.04496339226234988
4,2026-02-01T19:00:00+00:00,2,2026-02-02T19:00:00+00:00,24,0.04203351636351968,0.006586049068750682,0.07748098365828868
4,2026-02-01T19:00:00+00:00,2,2026-02-02T20:00:00+00:00,25,0.09494527829320733,0.05949781099843833,0.1303927455879763
4,2026-02-01T19:00:00+00:00,2,2026-02-02T21:00:00+00:00,26,0.20860361563899998,0.173156148344231,0.24405108293376898
4,2026-02-01T19:00:00+00:00,2,2026-02-02T22:00:00+00:00,27,0.23506554876485777,0.19961808147008878,0.27051301605962674
4,2026-02-01T19:00:00+00:00,2,2026-02-02T23:00:00+00:00,28,0.13945248734452584,0.10400502004975684,0.17489995463929484
4,2026-02-01T19:00:00+00:00,2,2026-02-03T00:00:00+00:00,29,0.0773624744137134,0.0419150071189444,0.1128099417084824
4,2026-02-01T19:00:00+00:00,2,2026-02-03T01:00:00+00:00,30,0.11527505147220213,0.07982758417743313,0.15072251876697113
4,2026-02-01T19:00:00+00:00,2,2026-02-03T02:00:00+00:00,31,0.0974485647327224,0.0620010974379534,0.1328960320274914
4,2026-02-01T19:00:00+00:00,2,2026-02-03T03:00:00+00:00,32,0.010000079546339509,0.0,0.04544754684110851
4,2026-02-01T19:00:00+00:00,2,2026-02-03T04:00:00+00:00,33,0.009964969418664184,0.0,0.04541243671343318
4,2026-02-01T19:00:00+00:00,2,2026-02-03T05:00:00+00:00,34,0.010000079546339509,0.0,0.04544754684110851
4,2026-02-01T19:00:00+00:00,2,2026-02-03T06:00:00+00:00,35,0.0347953604922324,0.0,0.07024282778700139
4,2026-02-01T19:00:00+00:00,2,2026-02-03T07:00:00+00:00,36,0.03858528233369761,0.0031378150389286125,0.07403274962846661
4,2026-02-01T19:00:00+00:00,2,2026-02-03T08:00:00+00:00,37,0.011526047014026954,0.0,0.046973514308795955
4,2026-02-01T19:00:00+00:00,2,2026-02-03T09:00:00+00:00,38,0.018101012706020752,0.0,0.05354848000078975
4,2026-02-01T19:00:00+00:00,2,2026-02-03T10:00:00+00:00,39,0.09515073593343987,0.05970326863867087,0.13059820322820886
4,2026-02-01T19:00:00+00:00,2,2026-02-03T11:00:00+00:00,40,0.07287628937928428,0.037428822084515284,0.10832375667405328
4,2026-02-01T19:00:00+00:00,2,2026-02-03T12:00:00+00:00,41,0.09778282499849994,0.06233535770373094,0.13323029229326894
4,2026-02-01T19:00:00+00:00,2,2026-02-03T13:00:00+00:00,42,0.2680963859926652,0.23264891869789622,0.3035438532874342
4,2026-02-01T19:00:00+00:00,2,2026-02-03T14:00:00+00:00,43,0.3767400949440822,0.34129262764931323,0.4121875622388512
4,2026-02-01T19:00:00+00:00,2,2026-02-03T15:00:00+00:00,44,0.29739238599266526,0.26194491869789627,0.33283985328743426
4,2026-02-01T19:00:00+00:00,2,2026-02-03T16:00:00+00:00,45,0.1677106987852422,0.1322632314904732,0.2031581660800112
4,2026-02-01T19:00:00+00:00,2,2026-02-03T17:00:00+00:00,46,0.14919918226168444,0.11375171496691544,0.18464664955645343
4,2026-02-01T19:00:00+00:00,2,2026-02-03T18:00:00+00:00,47,0.04450178256584091,0.009054315271071915,0.07994924986060992
5,2026-02-02T19:00:00+00:00,1,2026-02-02T19:00:00+00:00,0,0.08816053502020613,0.049032418774914543,0.1272886512654977
5,2026-02-02T19:00:00+00:00,1,2026-02-02T20:00:00+00:00,1,0.17592585683202908,0.1367977405867375,0.21505397307732066
5,2026-02-02T19:00:00+00:00,1,2026-02-02T21:00:00+00:00,2,0.2505399850197757,0.21141186877448412,0.28966810126506726
5,2026-02-02T19:00:00+00:00,1,2026-02-02T22:00:00+00:00,3,0.31613073307890527,0.2770026168336137,0.3552588493241968
5,2026-02-02T19:00:00+00:00,1,2026-02-02T23:00:00+00:00,4,0.23990747897334952,0.20077936272805794,0.2790355952186411
5,2026-02-02T19:00:00+00:00,1,2026-02-03T00:00:00+00:00,5,0.18159852267685392,0.14247040643156234,0.2207266389221455
5,2026-02-02T19:00:00+00:00,1,2026-02-03T01:00:00+00:00,6,0.11074330194027944,0.07161518569498786,0.14987141818557104
5,2026-02-02T19:00:00+00:00,1,2026-02-03T02:00:00+00:00,7,0.03924153185077936,0.00011341560548777663,0.07836964809607094
5,2026-02-02T19:00:00+00:00,1,2026-02-03T03:00:00+00:00,8,0.009974147150241485,0.0,0.04910226339553307
5,2026-02-02T19:00:00+00:00,1,2026-02-03T04:00:00+00:00,9,0.024157089378731948,0.0,0.06328520562402354
5,2026-02-02T19:00:00+00:00,1,2026-02-03T05:00:00+00:00,10,0.019484791654239136,0.0,0.05861290789953072
5,2026-02-02T19:00:00+00:00,1,2026-02-03T06:00:00+00:00,11,0.10843958955494275,0.06931147330965116,0.14756770580023432
5,2026-02-02T19:00:00+00:00,1,2026-02-03T07:00:00+00:00,12,0.0963609269600514,0.057232810714759816,0.135489043205343
5,2026-02-02T19:00:00+00:00,1,2026-02-03T08:00:00+00:00,13,0.021666951357160485,0.0,0.06079506760245207
5,2026-02-02T19:00:00+00:00,1,2026-02-03T09:00:00+00:00,14,0.021982443068782616,0.0,0.0611105593140742
5,2026-02-02T19:00:00+00:00,1,2026-02-03T10:00:00+00:00,15,0.010094979665431882,0.0,0.04922309591072346
5,2026-02-02T19:00:00+00:00,1,2026-02-03T11:00:00+00:00,16,0.015692857181772192,0.0,0.054820973427063775
5,2026-02-02T19:00:00+00:00,1,2026-02-03T12:00:00+00:00,17,0.043004220588023515,0.0038761043427319314,0.0821323368333151
5,2026-02-02T19:00:00+00:00,1,2026-02-03T13:00:00+00:00,18,0.18574995110120954,0.14662183485591795,0.22487806734650112
5,2026-02-02T19:00:00+00:00,1,2026-02-03T14:00:00+00:00,19,0.7137275733771682,0.6745994571318766,0.7528556896224597
5,2026-02-02T19:00:00+00:00,1,2026-02-03T15:00:00+00:00,20,0.6273204346147021,0.5881923183694105,0.6664485508599937
5,2026-02-02T19:00:00+00:00,1,2026-02-03T16:00:00+00:00,21,0.4406945223526541,0.4015664061073625,0.4798226385979457
5,2026-02-02T19:00:00+00:00,1,2026-02-03T17:00:00+00:00,22,0.1925260690676434,0.15339795282235183,0.231654185312935
5,2026-02-02T19:00:00+00:00,1,2026-02-03T18:00:00+00:00,23,0.244937483982694,0.2058093677374024,0.28406560022798555
5,2026-02-02T19:00:00+00:00,1,2026-02-03T19:00:00+00:00,24,0.32851419809740445,0.2893860818521129,0.367642314342696
5,2026-02-02T19:00:00+00:00,1,2026-02-03T20:00:00+00:00,25,0.2998141980974045,0.26068608185211295,0.33894231434269606
5,2026-02-02T19:00:00+00:00,1,2026-02-03T21:00:00+00:00,26,0.2709452714988835,0.2318171552535919,0.31007338774417503
5,2026-02-02T19:00:00+00:00,1,2026-02-03T22:00:00+00:00,27,0.18519316875011552,0.14606505250482393,0.2243212849954071
5,2026-02-02T19:00:00+00:00,1,2026-02-03T23:00:00+00:00,28,0.13914784870808114,0.10001973246278956,0.17827596495337272
5,2026-02-02T19:00:00+00:00,1,2026-02-04T00:00:00+00:00,29,0.13914784870808114,0.10001973246278956,0.17827596495337272
5,2026-02-02T19:00:00+00:00,1,2026-02-04T01:00:00+00:00,30,0.15514724662418874,0.11601913037889716,0.19427536286948033
5,2026-02-02T19:00:00+00:00,1,2026-02-04T02:00:00+00:00,31,0.2866513354039465,0.2475232191586549,0.32577945164923805
5,2026-02-02T19:00:00+00:00,1,2026-02-04T03:00:00+00:00,32,0.46616056593805494,0.4270324496927633,0.5052886821833465
5,2026-02-02T19:00:00+00:00,1,2026-02-04T04:00:00+00:00,33,0.3610783401707391,0.3219502239254475,0.4002064564160307
5,2026-02-02T19:00:00+00:00,1,2026-02-04T05:00:00+00:00,34,0.2306808558046888,0.19155273955939722,0.2698089720499804
5,2026-02-02T19:00:00+00:00,1,2026-02-04T06:00:00+00:00,35,0.11654294773103102,0.07741483148573944,0.1556710639763226
5,2026-02-02T19:00:00+00:00,1,2026-02-04T07:00:00+00:00,36,0.0514924867003044,0.012364370455012819,0.09062060294559598
5,2026-02-02T19:00:00+00:00,1,2026-02-04T08:00:00+00:00,37,0.04542951758185416,0.0063014013365625746,0.08455763382714573
5,2026-02-02T19:00:00+00:00,1,2026-02-04T09:00:00+00:00,38,0.0719496981149585,0.03282158186966691,0.11107781436025008
5,2026-02-02T19:00:00+00:00,1,2026-02-04T10:00:00+00:00,39,0.05995218923754161,0.020824072992250024,0.0990803054828332
5,2026-02-02T19:00:00+00:00,1,2026-02-04T11:00:00+00:00,40,0.03233787662587595,0.0,0.07146599287116753
5,2026-02-02T19:00:00+00:00,1,2026-02-04T12:00:00+00:00,41,0.014893510067032408,0.0,0.05402162631232399
5,2026-02-02T19:00:00+00:00,1,2026-02-04T13:00:00+00:00,42,0.010000085102853464,0.0,0.04912820134814505
5,2026-02-02T19:00:00+00:00,1,2026-02-04T14:00:00+00:00,43,0.009997121730204766,0.0,0.04912523797549635
5,2026-02-02T19:00:00+00:00,1,2026-02-04T15:00:00+00:00,44,0.24048958221165695,0.20136146596636537,0.2796176984569485
5,2026-02-02T19:00:00+00:00,1,2026-02-04T16:00:00+00:00,45,0.3452457737767077,0.30611765753141607,0.3843738900219993
5,2026-02-02T19:00:00+00:00,1,2026-02-04T17:00:00+00:00,46,0.3673896082922294,0.3282614920469378,0.406517724537521
5,2026-02-02T19:00:00+00:00,1,2026-02-04T18:00:00+00:00,47,0.4214011298922294,0.3822730136469378,0.460529246137521
5,2026-02-02T19:00:00+00:00,2,2026-02-02T19:00:00+00:00,0,0.06578773672313222,0.030340269428363223,0.10123520401790122
5,2026-02-02T19:00:00+00:00,2,2026-02-02T20:00:00+00:00,1,0.16721919898987067,0.13177173169510167,0.20266666628463967
5,2026-02-02T19:00:00+00:00,2,2026-02-02T21:00:00+00:00,2,0.23961111523187695,0.20416364793710795,0.27505858252664594
5,2026-02-02T19:00:00+00:00,2,2026-02-02T22:00:00+00:00,3,0.2714190003179822,0.23597153302321322,0.3068664676127512
5,2026-02-02T19:00:00+00:00,2,2026-02-02T23:00:00+00:00,4,0.22118677706230386,0.18573930976753486,0.2566342443570728
5,2026-02-02T19:00:00+00:00,2,2026-02-03T00:00:00+00:00,5,0.16721919898987067,0.13177173169510167,0.20266666628463967
5,2026-02-02T19:00:00+00:00,2,2026-02-03T01:00:00+00:00,6,0.07973087004933616,0.04428340275456716,0.11517833734410515
5,2026-02-02T19:00:00+00:00,2,2026-02-03T02:00:00+00:00,7,0.03299491420322384,0.0,0.06844238149799284
5,2026-02-02T19:00:00+00:00,2,2026-02-03T03:00:00+00:00,8,0.009992367862838358,0.0,0.045439835157607356
5,2026-02-02T19:00:00+00:00,2,2026-02-03T04:00:00+00:00,9,0.018302425980539324,0.0,0.053749893275308325
5,2026-02-02T19:00:00+00:00,2,2026-02-03T05:00:00+00:00,10,0.018910016311990806,0.0,0.05435748360675981
5,2026-02-02T19:00:00+00:00,2,2026-02-03T06:00:00+00:00,11,0.10137945535243145,0.06593198805766246,0.13682692264720045
5,2026-02-02T19:00:00+00:00,2,2026-02-03T07:00:00+00:00,12,0.08778173499151831,0.052334267696749315,0.12322920228628731
5,2026-02-02T19:00:00+00:00,2,2026-02-03T08:00:00+00:00,13,0.023024071781420078,0.0,0.05847153907618907
5,2026-02-02T19:00:00+00:00,2,2026-02-03T09:00:00+00:00,14,0.02490758974643203,0.0,0.06035505704120103
5,2026-02-02T19:00:00+00:00,2,2026-02-03T10:00:00+00:00,15,0.010462478063743572,0.0,0.04590994535851257
5,2026-02-02T19:00:00+00:00,2,2026-02-03T11:00:00+00:00,16,0.016953348365745382,0.0,0.05240081566051438
5,2026-02-02T19:00:00+00:00,2,2026-02-03T12:00:00+00:00,17,0.037815021522025205,0.002367554227256208,0.0732624888167942
5,2026-02-02T19:00:00+00:00,2,2026-02-03T13:00:00+00:00,18,0.17549127903025452,0.14004381173548552,0.21093874632502352
5,2026-02-02T19:00:00+00:00,2,2026-02-03T14:00:00+00:00,19,0.692694301117841,0.657246833823072,0.72814176841261
5,2026-02-02T19:00:00+00:00,2,2026-02-03T15:00:00+00:00,20,0.6108494065782528,0.5754019392834838,0.6462968738730218
5,2026-02-02T19:00:00+00:00,2,2026-02-03T16:00:00+00:00,21,0.40969741552571187,0.3742499482309429,0.44514488282048087
5,2026-02-02T19:00:00+00:00,2,2026-02-03T17:00:00+00:00,22,0.18205107413329136,0.14660360683852236,0.21749854142806035
5,2026-02-02T19:00:00+00:00,2,2026-02-03T18:00:00+00:00,23,0.22924225828666095,0.19379479099189195,0.26468972558142995
5,2026-02-02T19:00:00+00:00,2,2026-02-03T19:00:00+00:00,24,0.28436812695185676,0.24892065965708776,0.31981559424662576
5,2026-02-02T19:00:00+00:00,2,2026-02-03T20:00:00+00:00,25,0.2878117125821042,0.2523642452873352,0.3232591798768732
5,2026-02-02T19:00:00+00:00,2,2026-02-03T21:00:00+00:00,26,0.24945584471489773,0.21400837742012874,0.28490331200966673
5,2026-02-02T19:00:00+00:00,2,2026-02-03T22:00:00+00:00,27,0.1677106987852422,0.1322632314904732,0.2031581660800112
5,2026-02-02T19:00:00+00:00,2,2026-02-03T23:00:00+00:00,28,0.11540508562665518,0.07995761833188618,0.1508525529214242
5,2026-02-02T19:00:00+00:00,2,2026-02-04T00:00:00+00:00,29,0.11306596063412262,0.07761849333935363,0.1485134279288916
5,2026-02-02T19:00:00+00:00,2,2026-02-04T01:00:00+00:00,30,0.14164918226168444,0.10620171496691544,0.17709664955645343
5,2026-02-02T19:00:00+00:00,2,2026-02-04T02:00:00+00:00,31,0.25851571258210415,0.22306824528733515,0.29396317987687315
5,2026-02-02T19:00:00+00:00,2,2026-02-04T03:00:00+00:00,32,0.4263284523197535,0.39088098502498453,0.4617759196145225
5,2026-02-02T19:00:00+00:00,2,2026-02-04T04:00:00+00:00,33,0.35185079600991304,0.31640332871514404,0.38729826330468203
5,2026-02-02T19:00:00+00:00,2,2026-02-04T05:00:00+00:00,34,0.2276803186788834,0.1922328513841144,0.2631277859736524
5,2026-02-02T19:00:00+00:00,2,2026-02-04T06:00:00+00:00,35,0.10374785098805421,0.06830038369328521,0.13919531828282322
5,2026-02-02T19:00:00+00:00,2,2026-02-04T07:00:00+00:00,36,0.04502977707241369,0.009582309777644696,0.08047724436718269
5,2026-02-02T19:00:00+00:00,2,2026-02-04T08:00:00+00:00,37,0.04779406647853632,0.01234659918376732,0.08324153377330532
5,2026-02-02T19:00:00+00:00,2,2026-02-04T09:00:00+00:00,38,0.06610235804025662,0.03065489074548762,0.10154982533502561
5,2026-02-02T19:00:00+00:00,2,2026-02-04T10:00:00+00:00,39,0.05655416921479928,0.02110670192003028,0.09200163650956827
5,2026-02-02T19:00:00+00:00,2,2026-02-04T11:00:00+00:00,40,0.02883788680058141,0.0,0.06428535409535041
5,2026-02-02T19:00:00+00:00,2,2026-02-04T12:00:00+00:00,41,0.011407476203770238,0.0,0.046854943498539234
5,2026-02-02T19:00:00+00:00,2,2026-02-04T13:00:00+00:00,42,0.010000079546339509,0.0,0.04544754684110851
5,2026-02-02T19:00:00+00:00,2,2026-02-04T14:00:00+00:00,43,0.009964969418664184,0.0,0.04541243671343318
5,2026-02-02T19:00:00+00:00,2,2026-02-04T15:00:00+00:00,44,0.22520694346814724,0.18975947617337824,0.26065441076291623
5,2026-02-02T19:00:00+00:00,2,2026-02-04T16:00:00+00:00,45,0.3372154947044958,0.3017680274097268,0.3726629619992648
5,2026-02-02T19:00:00+00:00,2,2026-02-04T17:00:00+00:00,46,0.36403435695296205,0.32858688965819305,0.39948182424773104
5,2026-02-02T19:00:00+00:00,2,2026-02-04T18:00:00+00:00,47,0.39215176299029425,0.35670429569552525,0.42759923028506325
6,2026-02-03T19:00:00+00:00,1,2026-02-03T19:00:00+00:00,0,0.16682100077161388,0.1276928845263223,0.20594911701690546
6,2026-02-03T19:00:00+00:00,1,2026-02-03T20:00:00+00:00,1,0.21854703636152667,0.1794189201162351,0.2576751526068183
6,2026-02-03T19:00:00+00:00,1,2026-02-03T21:00:00+00:00,2,0.2411083146152521,0.2019801983699605,0.2802364308605437
6,2026-02-03T19:00:00+00:00,1,2026-02-03T22:00:00+00:00,3,0.2222033922328057,0.1830752759875141,0.2613315084780973
6,2026-02-03T19:00:00+00:00,1,2026-02-03T23:00:00+00:00,4,0.29036499268566773,0.2512368764403762,0.3294931089309593
6,2026-02-03T19:00:00+00:00,1,2026-02-04T00:00:00+00:00,5,0.18251095662418873,0.14338284037889715,0.2216390728694803
6,2026-02-03T19:00:00+00:00,1,2026-02-04T01:00:00+00:00,6,0.2515891138784623,0.2124609976331707,0.29071723012375383
6,2026-02-03T19:00:00+00:00,1,2026-02-04T02:00:00+00:00,7,0.468062120952716,0.4289340047074244,0.5071902371980076
6,2026-02-03T19:00:00+00:00,1,2026-02-04T03:00:00+00:00,8,0.5386489569270873,0.4995208406817957,0.5777770731723788
6,2026-02-03T19:00:00+00:00,1,2026-02-04T04:00:00+00:00,9,0.4643585707813151,0.4252304545360235,0.5034866870266067
6,2026-02-03T19:00:00+00:00,1,2026-02-04T05:00:00+00:00,10,0.2895143162813649,0.25038620003607337,0.3286424325266565
6,2026-02-03T19:00:00+00:00,1,2026-02-04T06:00:00+00:00,11,0.15334968088577844,0.11422156464048686,0.19247779713107002
6,2026-02-03T19:00:00+00:00,1,2026-02-04T07:00:00+00:00,12,0.12723320211731226,0.08810508587202068,0.16636131836260384
6,2026-02-03T19:00:00+00:00,1,2026-02-04T08:00:00+00:00,13,0.12249210334244195,0.08336398709715037,0.16162021958773354
6,2026-02-03T19:00:00+00:00,1,2026-02-04T09:00:00+00:00,14,0.11213649491062432,0.07300837866533273,0.15126461115591588
6,2026-02-03T19:00:00+00:00,1,2026-02-04T10:00:00+00:00,15,0.08169536255211186,0.04256724630682028,0.12082347879740345
6,2026-02-03T19:00:00+00:00,1,2026-02-04T11:00:00+00:00,16,0.039813367154004346,0.0006852509087127631,0.07894148339929594
6,2026-02-03T19:00:00+00:00,1,2026-02-04T12:00:00+00:00,17,0.018928379942466288,0.0,0.05805649618775787
6,2026-02-03T19:00:00+00:00,1,2026-02-04T13:00:00+00:00,18,0.010000085102853464,0.0,0.04912820134814505
6,2026-02-03T19:00:00+00:00,1,2026-02-04T14:00:00+00:00,19,0.01446031658249384,0.0,0.05358843282778542
6,2026-02-03T19:00:00+00:00,1,2026-02-04T15:00:00+00:00,20,0.20219514108766062,0.16306702484236904,0.2413232573329522
6,2026-02-03T19:00:00+00:00,1,2026-02-04T16:00:00+00:00,21,0.288359647131605,0.24923153088631342,0.32748776337689656
6,2026-02-03T19:00:00+00:00,1,2026-02-04T17:00:00+00:00,22,0.4224692953767077,0.3833411791314161,0.4615974116219993
6,2026-02-03T19:00:00+00:00,1,2026-02-04T18:00:00+00:00,23,0.4808557314772031,0.4417276152319115,0.5199838477224947
6,2026-02-03T19:00:00+00:00,1,2026-02-04T19:00:00+00:00,24,0.48314265808900186,0.44401454184371025,0.5222707743342935
6,2026-02-03T19:00:00+00:00,1,2026-02-04T20:00:00+00:00,25,0.5782376517092856,0.5391095354639941,0.6173657679545772
6,2026-02-03T19:00:00+00:00,1,2026-02-04T21:00:00+00:00,26,0.6812092164805514,0.6420811002352599,0.720337332725843
6,2026-02-03T19:00:00+00:00,1,2026-02-04T22:00:00+00:00,27,0.78625502414934,0.7471269079040485,0.8253831403946316
6,2026-02-03T19:00:00+00:00,1,2026-02-04T23:00:00+00:00,28,0.8691494642887463,0.8300213480434547,0.9082775805340378
6,2026-02-03T19:00:00+00:00,1,2026-02-05T00:00:00+00:00,29,0.931952158968405,0.8928240427231134,0.9710802752136966
6,2026-02-03T19:00:00+00:00,1,2026-02-05T01:00:00+00:00,30,0.9438259991810322,0.9046978829357406,0.9829541154263237
6,2026-02-03T19:00:00+00:00,1,2026-02-05T02:00:00+00:00,31,0.962431716044679,0.9233035997993875,1.0
6,2026-02-03T19:00:00+00:00,1,2026-02-05T03:00:00+00:00,32,0.9478406665437414,0.9087125502984499,0.986968782789033
6,2026-02-03T19:00:00+00:00,1,2026-02-05T04:00:00+00:00,33,0.9423551537455185,0.9032270375002269,0.98148326999081
6,2026-02-03T19:00:00+00:00,1,2026-02-05T05:00:00+00:00,34,0.9715850851326236,0.9324569688873321,1.0
6,2026-02-03T19:00:00+00:00,1,2026-02-05T06:00:00+00:00,35,0.9865116939335121,0.9473835776882206,1.0
6,2026-02-03T19:00:00+00:00,1,2026-02-05T07:00:00+00:00,36,0.9899996311591639,0.9508715149138723,1.0
6,2026-02-03T19:00:00+00:00,1,2026-02-05T08:00:00+00:00,37,0.9839782955633403,0.9448501793180487,1.0
6,2026-02-03T19:00:00+00:00,1,2026-02-05T09:00:00+00:00,38,0.9237010009966855,0.884572884751394,0.9628291172419771
6,2026-02-03T19:00:00+00:00,1,2026-02-05T10:00:00+00:00,39,0.6275050849993395,0.588376968754048,0.6666332012446311
6,2026-02-03T19:00:00+00:00,1,2026-02-05T11:00:00+00:00,40,0.5787645085617676,0.5396363923164761,0.6178926248070592
6,2026-02-03T19:00:00+00:00,1,2026-02-05T12:00:00+00:00,41,0.3633648212640182,0.3242367050187266,0.4024929375093098
6,2026-02-03T19:00:00+00:00,1,2026-02-05T13:00:00+00:00,42,0.3616595647883331,0.3225314485430415,0.4007876810336247
6,2026-02-03T19:00:00+00:00,1,2026-02-05T14:00:00+00:00,43,0.4390178859685931,0.3998897697233015,0.4781460022138847
6,2026-02-03T19:00:00+00:00,1,2026-02-05T15:00:00+00:00,44,0.48960268902971965,0.45047457278442804,0.5287308052750113
6,2026-02-03T19:00:00+00:00,1,2026-02-05T16:00:00+00:00,45,0.5369084340337067,0.49778031778841514,0.5760365502789982
6,2026-02-03T19:00:00+00:00,1,2026-02-05T17:00:00+00:00,46,0.5785524276886059,0.5394243114433144,0.6176805439338975
6,2026-02-03T19:00:00+00:00,1,2026-02-05T18:00:00+00:00,47,0.5982776517092857,0.5591495354639942,0.6374057679545773
6,2026-02-03T19:00:00+00:00,2,2026-02-03T19:00:00+00:00,0,0.16157998100950188,0.12613251371473289,0.19702744830427088
6,2026-02-03T19:00:00+00:00,2,2026-02-03T20:00:00+00:00,1,0.21406271471158023,0.17861524741681123,0.24951018200634922
6,2026-02-03T19:00:00+00:00,2,2026-02-03T21:00:00+00:00,2,0.2231829936707191,0.1877355263759501,0.2586304609654881
6,2026-02-03T19:00:00+00:00,2,2026-02-03T22:00:00+00:00,3,0.2150706843286586,0.17962321703388962,0.2505181516234276
6,2026-02-03T19:00:00+00:00,2,2026-02-03T23:00:00+00:00,4,0.25851571258210415,0.22306824528733515,0.29396317987687315
6,2026-02-03T19:00:00+00:00,2,2026-02-04T00:00:00+00:00,5,0.15825643134234613,0.12280896404757713,0.19370389863711512
6,2026-02-03T19:00:00+00:00,2,2026-02-04T01:00:00+00:00,6,0.22978747545090833,0.19434000815613933,0.2652349427456773
6,2026-02-03T19:00:00+00:00,2,2026-02-04T02:00:00+00:00,7,0.4325292242318588,0.3970817569370898,0.4679766915266278
6,2026-02-03T19:00:00+00:00,2,2026-02-04T03:00:00+00:00,8,0.518498156982335,0.48305068968756604,0.553945624277104
6,2026-02-03T19:00:00+00:00,2,2026-02-04T04:00:00+00:00,9,0.44171676570734403,0.40626929841257503,0.477164233002113
6,2026-02-03T19:00:00+00:00,2,2026-02-04T05:00:00+00:00,10,0.2696543859926652,0.23420691869789623,0.3051018532874342
6,2026-02-03T19:00:00+00:00,2,2026-02-04T06:00:00+00:00,11,0.14297274385084724,0.10752527655607824,0.17842021114561624
6,2026-02-03T19:00:00+00:00,2,2026-02-04T07:00:00+00:00,12,0.11403417110177909,0.07858670380701009,0.1494816383965481
6,2026-02-03T19:00:00+00:00,2,2026-02-04T08:00:00+00:00,13,0.11818160741475316,0.08273414011998416,0.15362907470952214
6,2026-02-03T19:00:00+00:00,2,2026-02-04T09:00:00+00:00,14,0.0997654037494399,0.0643179364546709,0.1352128710442089
6,2026-02-03T19:00:00+00:00,2,2026-02-04T10:00:00+00:00,15,0.07523152279097702,0.03978405549620802,0.11067899008574601
6,2026-02-03T19:00:00+00:00,2,2026-02-04T11:00:00+00:00,16,0.04258018921646548,0.007132721921696485,0.07802765651123447
6,2026-02-03T19:00:00+00:00,2,2026-02-04T12:00:00+00:00,17,0.014332584356596147,0.0,0.04978005165136515
6,2026-02-03T19:00:00+00:00,2,2026-02-04T13:00:00+00:00,18,0.010000079546339509,0.0,0.04544754684110851
6,2026-02-03T19:00:00+00:00,2,2026-02-04T14:00:00+00:00,19,0.011804963560598835,0.0,0.04725243085536783
6,2026-02-03T19:00:00+00:00,2,2026-02-04T15:00:00+00:00,20,0.20588522152041994,0.17043775422565094,0.24133268881518893
6,2026-02-03T19:00:00+00:00,2,2026-02-04T16:00:00+00:00,21,0.2724301280438514,0.23698266074908242,0.3078775953386204
6,2026-02-03T19:00:00+00:00,2,2026-02-04T17:00:00+00:00,22,0.39387382007239263,0.35842635277762364,0.42932128736716163
6,2026-02-03T19:00:00+00:00,2,2026-02-04T18:00:00+00:00,23,0.4506978298677189,0.4152503625729499,0.4861452971624879
6,2026-02-03T19:00:00+00:00,2,2026-02-04T19:00:00+00:00,24,0.4763978298677189,0.4409503625729499,0.5118452971624878
6,2026-02-03T19:00:00+00:00,2,2026-02-04T20:00:00+00:00,25,0.5308713198206318,0.49542385252586285,0.5663187871154008
6,2026-02-03T19:00:00+00:00,2,2026-02-04T21:00:00+00:00,26,0.6546057364373505,0.6191582691425815,0.6900532037321195
6,2026-02-03T19:00:00+00:00,2,2026-02-04T22:00:00+00:00,27,0.758761233981702,0.723313766686933,0.794208701276471
6,2026-02-03T19:00:00+00:00,2,2026-02-04T23:00:00+00:00,28,0.8531366360212271,0.8176891687264581,0.8885841033159961
6,2026-02-03T19:00:00+00:00,2,2026-02-05T00:00:00+00:00,29,0.9224197683060014,0.8869723010112324,0.9578672356007704
6,2026-02-03T19:00:00+00:00,2,2026-02-05T01:00:00+00:00,30,0.9338743437155954,0.8984268764208264,0.9693218110103644
6,2026-02-03T19:00:00+00:00,2,2026-02-05T02:00:00+00:00,31,0.9544219921601869,0.9189745248654179,0.9898694594549559
6,2026-02-03T19:00:00+00:00,2,2026-02-05T03:00:00+00:00,32,0.9451153308693296,0.9096678635745606,0.9805627981640986
6,2026-02-03T19:00:00+00:00,2,2026-02-05T04:00:00+00:00,33,0.9308624422157443,0.8954149749209753,0.9663099095105133
6,2026-02-03T19:00:00+00:00,2,2026-02-05T05:00:00+00:00,34,0.9601246560798897,0.9246771887851207,0.9955721233746587
6,2026-02-03T19:00:00+00:00,2,2026-02-05T06:00:00+00:00,35,0.9717432612564583,0.9362957939616893,1.0
6,2026-02-03T19:00:00+00:00,2,2026-02-05T07:00:00+00:00,36,0.9703795366931394,0.9349320693983704,1.0
6,2026-02-03T19:00:00+00:00,2,2026-02-05T08:00:00+00:00,37,0.9701641603611755,0.9347166930664065,1.0
6,2026-02-03T19:00:00+00:00,2,2026-02-05T09:00:00+00:00,38,0.9072043294579162,0.8717568621631472,0.9426517967526852
6,2026-02-03T19:00:00+00:00,2,2026-02-05T10:00:00+00:00,39,0.6106974187209726,0.5752499514262036,0.6461448860157416
6,2026-02-03T19:00:00+00:00,2,2026-02-05T11:00:00+00:00,40,0.566003939484282,0.530556472189513,0.601451406779051
6,2026-02-03T19:00:00+00:00,2,2026-02-05T12:00:00+00:00,41,0.35185079600991304,0.31640332871514404,0.38729826330468203
6,2026-02-03T19:00:00+00:00,2,2026-02-05T13:00:00+00:00,42,0.3418229097876093,0.3063754424928403,0.3772703770823783
6,2026-02-03T19:00:00+00:00,2,2026-02-05T14:00:00+00:00,43,0.39848123515550615,0.36303376786073716,0.43392870245027515
6,2026-02-03T19:00:00+00:00,2,2026-02-05T15:00:00+00:00,44,0.4865851368646051,0.4511376695698361,0.5220326041593741
6,2026-02-03T19:00:00+00:00,2,2026-02-05T16:00:00+00:00,45,0.5138571928099798,0.47840972551521077,0.5493046601047488
6,2026-02-03T19:00:00+00:00,2,2026-02-05T17:00:00+00:00,46,0.5535698869180796,0.5181224196233106,0.5890173542128486
6,2026-02-03T19:00:00+00:00,2,2026-02-05T18:00:00+00:00,47,0.5535698869180796,0.5181224196233106,0.5890173542128486
7,2026-02-04T19:00:00+00:00,1,2026-02-04T19:00:00+00:00,0,0.45625997021090153,0.4171318539656099,0.49538808645619314
7,2026-02-04T19:00:00+00:00,1,2026-02-04T20:00:00+00:00,1,0.5105571724512404,0.4714290562059489,0.549685288696532
7,2026-02-04T19:00:00+00:00,1,2026-02-04T21:00:00+00:00,2,0.6300866633612466,0.5909585471159551,0.6692147796065382
7,2026-02-04T19:00:00+00:00,1,2026-02-04T22:00:00+00:00,3,0.7829945913966604,0.7438664751513688,0.8221227076419519
7,2026-02-04T19:00:00+00:00,1,2026-02-04T23:00:00+00:00,4,0.8714500232625924,0.8323219070173008,0.9105781395078839
7,2026-02-04T19:00:00+00:00,1,2026-02-05T00:00:00+00:00,5,0.9638254697967026,0.924697353551411,1.0
7,2026-02-04T19:00:00+00:00,1,2026-02-05T01:00:00+00:00,6,0.9878997768392863,0.9487716605939948,1.0
7,2026-02-04T19:00:00+00:00,1,2026-02-05T02:00:00+00:00,7,0.9882640181945465,0.9491359019492549,1.0
7,2026-02-04T19:00:00+00:00,1,2026-02-05T03:00:00+00:00,8,0.9847348160382493,0.9456066997929578,1.0
7,2026-02-04T19:00:00+00:00,1,2026-02-05T04:00:00+00:00,9,0.9446072351953055,0.905479118950014,0.9837353514405971
7,2026-02-04T19:00:00+00:00,1,2026-02-05T05:00:00+00:00,10,0.9773827392480418,0.9382546230027502,1.0
7,2026-02-04T19:00:00+00:00,1,2026-02-05T06:00:00+00:00,11,0.9839782955633403,0.9448501793180487,1.0
7,2026-02-04T19:00:00+00:00,1,2026-02-05T07:00:00+00:00,12,0.9864682128257716,0.94734009658048,1.0
7,2026-02-04T19:00:00+00:00,1,2026-02-05T08:00:00+00:00,13,0.9697921509802163,0.9306640347349248,1.0
7,2026-02-04T19:00:00+00:00,1,2026-02-05T09:00:00+00:00,14,0.8679132583064806,0.828785142061189,0.9070413745517721
7,2026-02-04T19:00:00+00:00,1,2026-02-05T10:00:00+00:00,15,0.6066706576976111,0.5675425414523195,0.6457987739429026
7,2026-02-04T19:00:00+00:00,1,2026-02-05T11:00:00+00:00,16,0.5139902168698967,0.4748621006246051,0.5531183331151882
7,2026-02-04T19:00:00+00:00,1,2026-02-05T12:00:00+00:00,17,0.33340837535672463,0.2942802591114331,0.3725364916020162
7,2026-02-04T19:00:00+00:00,1,2026-02-05T13:00:00+00:00,18,0.25473333068304294,0.21560521443775135,0.2938614469283345
7,2026-02-04T19:00:00+00:00,1,2026-02-05T14:00:00+00:00,19,0.2906809124500128,0.25155279620472126,0.3298090286953044
7,2026-02-04T19:00:00+00:00,1,2026-02-05T15:00:00+00:00,20,0.20594902288566613,0.16682090664037455,0.24507713913095772
7,2026-02-04T19:00:00+00:00,1,2026-02-05T16:00:00+00:00,21,0.3064871066269418,0.26735899038165023,0.34561522287223334
7,2026-02-04T19:00:00+00:00,1,2026-02-05T17:00:00+00:00,22,0.23999256230907767,0.2008644460637861,0.2791206785543693
7,2026-02-04T19:00:00+00:00,1,2026-02-05T18:00:00+00:00,23,0.35881831428137106,0.31969019803607945,0.3979464305266627
7,2026-02-04T19:00:00+00:00,1,2026-02-05T19:00:00+00:00,24,0.4374136294120761,0.3982855131667845,0.47654174565736773
7,2026-02-04T19:00:00+00:00,1,2026-02-05T20:00:00+00:00,25,0.22920437753781192,0.19007626129252034,0.26833249378310353
7,2026-02-04T19:00:00+00:00,1,2026-02-05T21:00:00+00:00,26,0.11588898799624762,0.07676087175095604,0.1550171042415392
7,2026-02-04T19:00:00+00:00,1,2026-02-05T22:00:00+00:00,27,0.08855087441531882,0.04942275817002724,0.1276789906606104
7,2026-02-04T19:00:00+00:00,1,2026-02-05T23:00:00+00:00,28,0.05136146056895409,0.012233344323662507,0.09048957681424567
7,2026-02-04T19:00:00+00:00,1,2026-02-06T00:00:00+00:00,29,0.010000085102853464,0.0,0.04912820134814505
7,2026-02-04T19:00:00+00:00,1,2026-02-06T01:00:00+00:00,30,0.25077350339979454,0.21164538715450296,0.2899016196450861
7,2026-02-04T19:00:00+00:00,1,2026-02-06T02:00:00+00:00,31,0.3920831919532098,0.3529550757079182,0.4312113081985014
7,2026-02-04T19:00:00+00:00,1,2026-02-06T03:00:00+00:00,32,0.13785365252643936,0.09872553628114777,0.17698176877173094
7,2026-02-04T19:00:00+00:00,1,2026-02-06T04:00:00+00:00,33,0.38953366089705516,0.35040554465176355,0.42866177714234677
7,2026-02-04T19:00:00+00:00,1,2026-02-06T05:00:00+00:00,34,0.6266424460697188,0.5875143298244272,0.6657705623150103
7,2026-02-04T19:00:00+00:00,1,2026-02-06T06:00:00+00:00,35,0.9755898050956344,0.9364616888503429,1.0
7,2026-02-04T19:00:00+00:00,1,2026-02-06T07:00:00+00:00,36,0.9899996311591639,0.9508715149138723,1.0
7,2026-02-04T19:00:00+00:00,1,2026-02-06T08:00:00+00:00,37,0.9899995289009668,0.9508714126556752,1.0
7,2026-02-04T19:00:00+00:00,1,2026-02-06T09:00:00+00:00,38,0.9899996311591639,0.9508715149138723,1.0
7,2026-02-04T19:00:00+00:00,1,2026-02-06T10:00:00+00:00,39,0.9899996311591639,0.9508715149138723,1.0
7,2026-02-04T19:00:00+00:00,1,2026-02-06T11:00:00+00:00,40,0.9900001881909102,0.9508720719456186,1.0
7,2026-02-04T19:00:00+00:00,1,2026-02-06T12:00:00+00:00,41,0.9899996311591639,0.9508715149138723,1.0
7,2026-02-04T19:00:00+00:00,1,2026-02-06T13:00:00+00:00,42,0.9899996311591639,0.9508715149138723,1.0
7,2026-02-04T19:00:00+00:00,1,2026-02-06T14:00:00+00:00,43,0.9899996311591639,0.9508715149138723,1.0
7,2026-02-04T19:00:00+00:00,1,2026-02-06T15:00:00+00:00,44,0.9899996311591639,0.9508715149138723,1.0
7,2026-02-04T19:00:00+00:00,1,2026-02-06T16:00:00+00:00,45,0.9899996311591639,0.9508715149138723,1.0
7,2026-02-04T19:00:00+00:00,1,2026-02-06T17:00:00+00:00,46,0.9453291665210918,0.9062010502758002,0.9844572827663833
7,2026-02-04T19:00:00+00:00,1,2026-02-06T18:00:00+00:00,47,0.8996629954943389,0.8605348792490474,0.9387911117396305
7,2026-02-04T19:00:00+00:00,2,2026-02-04T19:00:00+00:00,0,0.4211758200723926,0.38572835277762363,0.4566232873671616
7,2026-02-04T19:00:00+00:00,2,2026-02-04T20:00:00+00:00,1,0.482879956208195,0.447432488913426,0.518327423502964
7,2026-02-04T19:00:00+00:00,2,2026-02-04T21:00:00+00:00,2,0.6078903401582361,0.5724428728634671,0.6433378074530051
7,2026-02-04T19:00:00+00:00,2,2026-02-04T22:00:00+00:00,3,0.7563377380578646,0.7208902707630956,0.7917852053526336
7,2026-02-04T19:00:00+00:00,2,2026-02-04T23:00:00+00:00,4,0.8702065024912689,0.8347590351964999,0.9056539697860378
7,2026-02-04T19:00:00+00:00,2,2026-02-05T00:00:00+00:00,5,0.95351521933808,0.918067752043311,0.988962686632849
7,2026-02-04T19:00:00+00:00,2,2026-02-05T01:00:00+00:00,6,0.9715806851307456,0.9361332178359766,1.0
7,2026-02-04T19:00:00+00:00,2,2026-02-05T02:00:00+00:00,7,0.9743132308689322,0.9388657635741632,1.0
7,2026-02-04T19:00:00+00:00,2,2026-02-05T03:00:00+00:00,8,0.9743132308689322,0.9388657635741632,1.0
7,2026-02-04T19:00:00+00:00,2,2026-02-05T04:00:00+00:00,9,0.9395509452004109,0.9041034779056419,0.9749984124951799
7,2026-02-04T19:00:00+00:00,2,2026-02-05T05:00:00+00:00,10,0.9659279622991059,0.9304804950043369,1.0
7,2026-02-04T19:00:00+00:00,2,2026-02-05T06:00:00+00:00,11,0.9714562026166049,0.9360087353218359,1.0
7,2026-02-04T19:00:00+00:00,2,2026-02-05T07:00:00+00:00,12,0.9706986049911583,0.9352511376963893,1.0
7,2026-02-04T19:00:00+00:00,2,2026-02-05T08:00:00+00:00,13,0.9553569752752067,0.9199095079804377,0.9908044425699757
7,2026-02-04T19:00:00+00:00,2,2026-02-05T09:00:00+00:00,14,0.848145921440369,0.8126984541456,0.883593388735138
7,2026-02-04T19:00:00+00:00,2,2026-02-05T10:00:00+00:00,15,0.6067297834123109,0.5712823161175419,0.6421772507070799
7,2026-02-04T19:00:00+00:00,2,2026-02-05T11:00:00+00:00,16,0.4968496158478096,0.4614021485530406,0.5322970831425786
7,2026-02-04T19:00:00+00:00,2,2026-02-05T12:00:00+00:00,17,0.32818850719266524,0.29274103989789624,0.36363597448743423
7,2026-02-04T19:00:00+00:00,2,2026-02-05T13:00:00+00:00,18,0.2410706906659168,0.2056232233711478,0.2765181579606858
7,2026-02-04T19:00:00+00:00,2,2026-02-05T14:00:00+00:00,19,0.24942998467847724,0.21398251738370824,0.2848774519732462
7,2026-02-04T19:00:00+00:00,2,2026-02-05T15:00:00+00:00,20,0.2113448633913554,0.1758973960965864,0.24679233068612438
7,2026-02-04T19:00:00+00:00,2,2026-02-05T16:00:00+00:00,21,0.2762899673229275,0.2408425000281585,0.3117374346176965
7,2026-02-04T19:00:00+00:00,2,2026-02-05T17:00:00+00:00,22,0.23736384538140848,0.20191637808663948,0.2728113126761775
7,2026-02-04T19:00:00+00:00,2,2026-02-05T18:00:00+00:00,23,0.3646585104058295,0.3292110431110605,0.40010597770059847
7,2026-02-04T19:00:00+00:00,2,2026-02-05T19:00:00+00:00,24,0.3666482926908243,0.3312008253960553,0.40209575998559327
7,2026-02-04T19:00:00+00:00,2,2026-02-05T20:00:00+00:00,25,0.2113448633913554,0.1758973960965864,0.24679233068612438
7,2026-02-04T19:00:00+00:00,2,2026-02-05T21:00:00+00:00,26,0.09728440328573988,0.061836935990970884,0.1327318705805089
7,2026-02-04T19:00:00+00:00,2,2026-02-05T22:00:00+00:00,27,0.06778498018796858,0.03233751289319958,0.10323244748273758
7,2026-02-04T19:00:00+00:00,2,2026-02-05T23:00:00+00:00,28,0.04521433905147326,0.009766871756704265,0.08066180634624226
7,2026-02-04T19:00:00+00:00,2,2026-02-06T00:00:00+00:00,29,0.010000079546339509,0.0,0.04544754684110851
7,2026-02-04T19:00:00+00:00,2,2026-02-06T01:00:00+00:00,30,0.2276051846150962,0.19215771732032721,0.2630526519098652
7,2026-02-04T19:00:00+00:00,2,2026-02-06T02:00:00+00:00,31,0.36889145287051134,0.33344398557574234,0.40433892016528034
7,2026-02-04T19:00:00+00:00,2,2026-02-06T03:00:00+00:00,32,0.13477404090382616,0.09932657360905717,0.17022150819859516
7,2026-02-04T19:00:00+00:00,2,2026-02-06T04:00:00+00:00,33,0.38465705027556724,0.34920958298079824,0.42010451757033623
7,2026-02-04T19:00:00+00:00,2,2026-02-06T05:00:00+00:00,34,0.6070806619686189,0.5716331946738499,0.6425281292633879
7,2026-02-04T19:00:00+00:00,2,2026-02-06T06:00:00+00:00,35,0.9636064245891935,0.9281589572944245,0.9990538918839625
7,2026-02-04T19:00:00+00:00,2,2026-02-06T07:00:00+00:00,36,0.971383000436665,0.935935533141896,1.0
7,2026-02-04T19:00:00+00:00,2,2026-02-06T08:00:00+00:00,37,0.971383000436665,0.935935533141896,1.0
7,2026-02-04T19:00:00+00:00,2,2026-02-06T09:00:00+00:00,38,0.9699996621006299,0.9345521948058609,1.0
7,2026-02-04T19:00:00+00:00,2,2026-02-06T10:00:00+00:00,39,0.9699996621006299,0.9345521948058609,1.0
7,2026-02-04T19:00:00+00:00,2,2026-02-06T11:00:00+00:00,40,0.9739937772126352,0.9385463099178663,1.0
7,2026-02-04T19:00:00+00:00,2,2026-02-06T12:00:00+00:00,41,0.9738655533403042,0.9384180860455352,1.0
7,2026-02-04T19:00:00+00:00,2,2026-02-06T13:00:00+00:00,42,0.9699996621006299,0.9345521948058609,1.0
7,2026-02-04T19:00:00+00:00,2,2026-02-06T14:00:00+00:00,43,0.9699996621006299,0.9345521948058609,1.0
7,2026-02-04T19:00:00+00:00,2,2026-02-06T15:00:00+00:00,44,0.9699996621006299,0.9345521948058609,1.0
7,2026-02-04T19:00:00+00:00,2,2026-02-06T16:00:00+00:00,45,0.9699996621006299,0.9345521948058609,1.0
7,2026-02-04T19:00:00+00:00,2,2026-02-06T17:00:00+00:00,46,0.942562846700262,0.907115379405493,0.978010313995031
7,2026-02-04T19:00:00+00:00,2,2026-02-06T18:00:00+00:00,47,0.8849374911961112,0.8494900239013422,0.9203849584908802
8,2026-02-05T19:00:00+00:00,1,2026-02-05T19:00:00+00:00,0,0.15507362546845052,0.11594550922315894,0.1942017417137421
8,2026-02-05T19:00:00+00:00,1,2026-02-05T20:00:00+00:00,1,0.10872303517347494,0.06959491892818336,0.14785115141876654
8,2026-02-05T19:00:00+00:00,1,2026-02-05T21:00:00+00:00,2,0.08778880162140781,0.04866068537611623,0.1269169178666994
8,2026-02-05T19:00:00+00:00,1,2026-02-05T22:00:00+00:00,3,0.06191053301557895,0.02278241677028737,0.10103864926087053
8,2026-02-05T19:00:00+00:00,1,2026-02-05T23:00:00+00:00,4,0.025087671048784968,0.0,0.06421578729407655
8,2026-02-05T19:00:00+00:00,1,2026-02-06T00:00:00+00:00,5,0.011462559150250849,0.0,0.050590675395542434
8,2026-02-05T19:00:00+00:00,1,2026-02-06T01:00:00+00:00,6,0.010034528091176373,0.0,0.049162644336467956
8,2026-02-05T19:00:00+00:00,1,2026-02-06T02:00:00+00:00,7,0.28385369627710944,0.24472558003181785,0.322981812522401
8,2026-02-05T19:00:00+00:00,1,2026-02-06T03:00:00+00:00,8,0.39018163693854874,0.3510535206932571,0.42930975318384035
8,2026-02-05T19:00:00+00:00,1,2026-02-06T04:00:00+00:00,9,0.1513517330438122,0.11222361679852061,0.19047984928910378
8,2026-02-05T19:00:00+00:00,1,2026-02-06T05:00:00+00:00,10,0.022269698925516654,0.0,0.06139781517080824
8,2026-02-05T19:00:00+00:00,1,2026-02-06T06:00:00+00:00,11,0.13037860654787192,0.09125049030258034,0.1695067227931635
8,2026-02-05T19:00:00+00:00,1,2026-02-06T07:00:00+00:00,12,0.663978212018316,0.6248500957730244,0.7031063282636075
8,2026-02-05T19:00:00+00:00,1,2026-02-06T08:00:00+00:00,13,0.8035239072356142,0.7643957909903226,0.8426520234809057
8,2026-02-05T19:00:00+00:00,1,2026-02-06T09:00:00+00:00,14,0.9846880412192409,0.9455599249739494,1.0
8,2026-02-05T19:00:00+00:00,1,2026-02-06T10:00:00+00:00,15,0.9899996311591639,0.9508715149138723,1.0
8,2026-02-05T19:00:00+00:00,1,2026-02-06T11:00:00+00:00,16,0.9899996311591639,0.9508715149138723,1.0
8,2026-02-05T19:00:00+00:00,1,2026-02-06T12:00:00+00:00,17,0.9899996311591639,0.9508715149138723,1.0
8,2026-02-05T19:00:00+00:00,1,2026-02-06T13:00:00+00:00,18,0.9899996311591639,0.9508715149138723,1.0
8,2026-02-05T19:00:00+00:00,1,2026-02-06T14:00:00+00:00,19,0.9899996311591639,0.9508715149138723,1.0
8,2026-02-05T19:00:00+00:00,1,2026-02-06T15:00:00+00:00,20,0.9899996311591639,0.9508715149138723,1.0
8,2026-02-05T19:00:00+00:00,1,2026-02-06T16:00:00+00:00,21,0.9899996311591639,0.9508715149138723,1.0
8,2026-02-05T19:00:00+00:00,1,2026-02-06T17:00:00+00:00,22,0.9898488232135894,0.9507207069682978,1.0
8,2026-02-05T19:00:00+00:00,1,2026-02-06T18:00:00+00:00,23,0.9309302594904868,0.8918021432451952,0.9700583757357784
8,2026-02-05T19:00:00+00:00,1,2026-02-06T19:00:00+00:00,24,0.6662972228758608,0.6271691066305692,0.7054253391211524
8,2026-02-05T19:00:00+00:00,1,2026-02-06T20:00:00+00:00,25,0.38062595742242705,0.34149784117713544,0.41975407366771866
8,2026-02-05T19:00:00+00:00,1,2026-02-06T21:00:00+00:00,26,0.1802442087328222,0.14111609248753063,0.2193723249781138
8,2026-02-05T19:00:00+00:00,1,2026-02-06T22:00:00+00:00,27,0.07770429377560738,0.038576177530315794,0.11683241002089896
8,2026-02-05T19:00:00+00:00,1,2026-02-06T23:00:00+00:00,28,0.05131335122674992,0.012185234981458334,0.0904414674720415
8,2026-02-05T19:00:00+00:00,1,2026-02-07T00:00:00+00:00,29,0.062111649792289454,0.02298353354699787,0.10123976603758103
8,2026-02-05T19:00:00+00:00,1,2026-02-07T01:00:00+00:00,30,0.030648682217691764,0.0,0.06977679846298335
8,2026-02-05T19:00:00+00:00,1,2026-02-07T02:00:00+00:00,31,0.010000085102853464,0.0,0.04912820134814505
8,2026-02-05T19:00:00+00:00,1,2026-02-07T03:00:00+00:00,32,0.010000085102853464,0.0,0.04912820134814505
8,2026-02-05T19:00:00+00:00,1,2026-02-07T04:00:00+00:00,33,0.010000085102853464,0.0,0.04912820134814505
8,2026-02-05T19:00:00+00:00,1,2026-02-07T05:00:00+00:00,34,0.010175728494239396,0.0,0.04930384473953098
8,2026-02-05T19:00:00+00:00,1,2026-02-07T06:00:00+00:00,35,0.019523944879267827,0.0,0.05865206112455941
8,2026-02-05T19:00:00+00:00,1,2026-02-07T07:00:00+00:00,36,0.06238418331789943,0.02325606707260785,0.10151229956319102
8,2026-02-05T19:00:00+00:00,1,2026-02-07T08:00:00+00:00,37,0.115542895335878,0.07641477909058642,0.15467101158116958
8,2026-02-05T19:00:00+00:00,1,2026-02-07T09:00:00+00:00,38,0.10031487161784082,0.06118675537254924,0.13944298786313242
8,2026-02-05T19:00:00+00:00,1,2026-02-07T10:00:00+00:00,39,0.04470302287490713,0.005574906629615545,0.08383113912019871
8,2026-02-05T19:00:00+00:00,1,2026-02-07T11:00:00+00:00,40,0.016056538001164182,0.0,0.055184654246455765
8,2026-02-05T19:00:00+00:00,1,2026-02-07T12:00:00+00:00,41,0.010000085102853464,0.0,0.04912820134814505
8,2026-02-05T19:00:00+00:00,1,2026-02-07T13:00:00+00:00,42,0.19969931410056424,0.16057119785527266,0.23882743034585582
8,2026-02-05T19:00:00+00:00,1,2026-02-07T14:00:00+00:00,43,0.4869662868041659,0.4478381705588743,0.5260944030494575
8,2026-02-05T19:00:00+00:00,1,2026-02-07T15:00:00+00:00,44,0.5568190912552938,0.5176909750100023,0.5959472075005854
8,2026-02-05T19:00:00+00:00,1,2026-02-07T16:00:00+00:00,45,0.47919461480987285,0.44006649856458124,0.5183227310551645
8,2026-02-05T19:00:00+00:00,1,2026-02-07T17:00:00+00:00,46,0.532528459407351,0.4934003431620595,0.5716565756526426
8,2026-02-05T19:00:00+00:00,1,2026-02-07T18:00:00+00:00,47,0.7644556688330096,0.7253275525877181,0.8035837850783012
8,2026-02-05T19:00:00+00:00,2,2026-02-05T19:00:00+00:00,0,0.15052521260592625,0.11507774531115725,0.18597267990069524
8,2026-02-05T19:00:00+00:00,2,2026-02-05T20:00:00+00:00,1,0.09436903875875502,0.05892157146398602,0.12981650605352402
8,2026-02-05T19:00:00+00:00,2,2026-02-05T21:00:00+00:00,2,0.07908590312313225,0.043638435828363256,0.11453337041790125
8,2026-02-05T19:00:00+00:00,2,2026-02-05T22:00:00+00:00,3,0.05559280016050616,0.020145332865737164,0.09104026745527516
8,2026-02-05T19:00:00+00:00,2,2026-02-05T23:00:00+00:00,4,0.020848963553562583,0.0,0.05629643084833158
8,2026-02-05T19:00:00+00:00,2,2026-02-06T00:00:00+00:00,5,0.00924573410209068,0.0,0.04469320139685968
8,2026-02-05T19:00:00+00:00,2,2026-02-06T01:00:00+00:00,6,0.009977039925874575,0.0,0.045424507220643576
8,2026-02-05T19:00:00+00:00,2,2026-02-06T02:00:00+00:00,7,0.24942998467847724,0.21398251738370824,0.2848774519732462
8,2026-02-05T19:00:00+00:00,2,2026-02-06T03:00:00+00:00,8,0.37036382911817395,0.33491636182340495,0.40581129641294295
8,2026-02-05T19:00:00+00:00,2,2026-02-06T04:00:00+00:00,9,0.13857249015304496,0.10312502285827596,0.17401995744781396
8,2026-02-05T19:00:00+00:00,2,2026-02-06T05:00:00+00:00,10,0.01731290187614432,0.0,0.05276036917091331
8,2026-02-05T19:00:00+00:00,2,2026-02-06T06:00:00+00:00,11,0.11900171598058672,0.08355424868581772,0.15444918327535573
8,2026-02-05T19:00:00+00:00,2,2026-02-06T07:00:00+00:00,12,0.6354545688727236,0.6000071015779546,0.6709020361674926
8,2026-02-05T19:00:00+00:00,2,2026-02-06T08:00:00+00:00,13,0.7858363813012881,0.7503889140065191,0.8212838485960571
8,2026-02-05T19:00:00+00:00,2,2026-02-06T09:00:00+00:00,14,0.9723084985153962,0.9368610312206272,1.0
8,2026-02-05T19:00:00+00:00,2,2026-02-06T10:00:00+00:00,15,0.9699996621006299,0.9345521948058609,1.0
8,2026-02-05T19:00:00+00:00,2,2026-02-06T11:00:00+00:00,16,0.9699996621006299,0.9345521948058609,1.0
8,2026-02-05T19:00:00+00:00,2,2026-02-06T12:00:00+00:00,17,0.9699996621006299,0.9345521948058609,1.0
8,2026-02-05T19:00:00+00:00,2,2026-02-06T13:00:00+00:00,18,0.9699996621006299,0.9345521948058609,1.0
8,2026-02-05T19:00:00+00:00,2,2026-02-06T14:00:00+00:00,19,0.9699996621006299,0.9345521948058609,1.0
8,2026-02-05T19:00:00+00:00,2,2026-02-06T15:00:00+00:00,20,0.9699996621006299,0.9345521948058609,1.0
8,2026-02-05T19:00:00+00:00,2,2026-02-06T16:00:00+00:00,21,0.9760371993215697,0.9405897320268007,1.0
8,2026-02-05T19:00:00+00:00,2,2026-02-06T17:00:00+00:00,22,0.976555274060021,0.941107806765252,1.0
8,2026-02-05T19:00:00+00:00,2,2026-02-06T18:00:00+00:00,23,0.9155692693466175,0.8801218020518485,0.9510167366413865
8,2026-02-05T19:00:00+00:00,2,2026-02-06T19:00:00+00:00,24,0.6527879160600052,0.6173404487652362,0.6882353833547742
8,2026-02-05T19:00:00+00:00,2,2026-02-06T20:00:00+00:00,25,0.3661308866534921,0.3306834193587231,0.4015783539482611
8,2026-02-05T19:00:00+00:00,2,2026-02-06T21:00:00+00:00,26,0.167795438524323,0.132347971229554,0.203242905819092
8,2026-02-05T19:00:00+00:00,2,2026-02-06T22:00:00+00:00,27,0.05684729614159301,0.02139982884682401,0.092294763436362
8,2026-02-05T19:00:00+00:00,2,2026-02-06T23:00:00+00:00,28,0.04521433905147326,0.009766871756704265,0.08066180634624226
8,2026-02-05T19:00:00+00:00,2,2026-02-07T00:00:00+00:00,29,0.05428079313619072,0.018833325841421722,0.08972826043095972
8,2026-02-05T19:00:00+00:00,2,2026-02-07T01:00:00+00:00,30,0.028758272122202194,0.0,0.06420573941697119
8,2026-02-05T19:00:00+00:00,2,2026-02-07T02:00:00+00:00,31,0.009992367862838358,0.0,0.045439835157607356
8,2026-02-05T19:00:00+00:00,2,2026-02-07T03:00:00+00:00,32,0.010000079546339509,0.0,0.04544754684110851
8,2026-02-05T19:00:00+00:00,2,2026-02-07T04:00:00+00:00,33,0.010000079546339509,0.0,0.04544754684110851
8,2026-02-05T19:00:00+00:00,2,2026-02-07T05:00:00+00:00,34,0.010049061162113328,0.0,0.045496528456882325
8,2026-02-05T19:00:00+00:00,2,2026-02-07T06:00:00+00:00,35,0.017569199838948783,0.0,0.053016667133717776
8,2026-02-05T19:00:00+00:00,2,2026-02-07T07:00:00+00:00,36,0.05268048999778829,0.017233022703019296,0.08812795729255729
8,2026-02-05T19:00:00+00:00,2,2026-02-07T08:00:00+00:00,37,0.09927654320336739,0.06382907590859839,0.13472401049813637
8,2026-02-05T19:00:00+00:00,2,2026-02-07T09:00:00+00:00,38,0.08448465859849988,0.04903719130373088,0.11993212589326888
8,2026-02-05T19:00:00+00:00,2,2026-02-07T10:00:00+00:00,39,0.04450178256584091,0.009054315271071915,0.07994924986060992
8,2026-02-05T19:00:00+00:00,2,2026-02-07T11:00:00+00:00,40,0.016579675734553777,0.0,0.05202714302932278
8,2026-02-05T19:00:00+00:00,2,2026-02-07T12:00:00+00:00,41,0.010000079546339509,0.0,0.04544754684110851
8,2026-02-05T19:00:00+00:00,2,2026-02-07T13:00:00+00:00,42,0.2111972989333985,0.1757498316386295,0.2466447662281675
8,2026-02-05T19:00:00+00:00,2,2026-02-07T14:00:00+00:00,43,0.45518970629160455,0.41974223899683555,0.49063717358637354
8,2026-02-05T19:00:00+00:00,2,2026-02-07T15:00:00+00:00,44,0.5304644644614389,0.4950169971666699,0.5659119317562079
8,2026-02-05T19:00:00+00:00,2,2026-02-07T16:00:00+00:00,45,0.4506978298677189,0.4152503625729499,0.4861452971624879
8,2026-02-05T19:00:00+00:00,2,2026-02-07T17:00:00+00:00,46,0.48027106563736716,0.44482359834259816,0.5157185329321361
8,2026-02-05T19:00:00+00:00,2,2026-02-07T18:00:00+00:00,47,0.7299985350299987,0.6945510677352297,0.7654460023247677
9,2026-02-06T19:00:00+00:00,1,2026-02-06T19:00:00+00:00,0,0.43924343522542836,0.40011531898013675,0.47837155147071997
9,2026-02-06T19:00:00+00:00,1,2026-02-06T20:00:00+00:00,1,0.1784727740036702,0.13934465775837862,0.2176008902489618
9,2026-02-06T19:00:00+00:00,1,2026-02-06T21:00:00+00:00,2,0.10280236275760772,0.06367424651231614,0.1419304790028993
9,2026-02-06T19:00:00+00:00,1,2026-02-06T22:00:00+00:00,3,0.08941677889084869,0.050288662645557106,0.12854489513614026
9,2026-02-06T19:00:00+00:00,1,2026-02-06T23:00:00+00:00,4,0.040858454965693965,0.0017303387204023815,0.07998657121098554
9,2026-02-06T19:00:00+00:00,1,2026-02-07T00:00:00+00:00,5,0.03715845496569397,0.0,0.07628657121098556
9,2026-02-06T19:00:00+00:00,1,2026-02-07T01:00:00+00:00,6,0.013347097733379236,0.0,0.05247521397867082
9,2026-02-06T19:00:00+00:00,1,2026-02-07T02:00:00+00:00,7,0.010000085102853464,0.0,0.04912820134814505
9,2026-02-06T19:00:00+00:00,1,2026-02-07T03:00:00+00:00,8,0.010000085102853464,0.0,0.04912820134814505
9,2026-02-06T19:00:00+00:00,1,2026-02-07T04:00:00+00:00,9,0.010000085102853464,0.0,0.04912820134814505
9,2026-02-06T19:00:00+00:00,1,2026-02-07T05:00:00+00:00,10,0.024180830586041577,0.0,0.06330894683133316
9,2026-02-06T19:00:00+00:00,1,2026-02-07T06:00:00+00:00,11,0.15334968088577844,0.11422156464048686,0.19247779713107002
9,2026-02-06T19:00:00+00:00,1,2026-02-07T07:00:00+00:00,12,0.2191728553099495,0.18004473906465793,0.2583009715552411
9,2026-02-06T19:00:00+00:00,1,2026-02-07T08:00:00+00:00,13,0.21148662696993853,0.17235851072464695,0.25061474321523014
9,2026-02-06T19:00:00+00:00,1,2026-02-07T09:00:00+00:00,14,0.115542895335878,0.07641477909058642,0.15467101158116958
9,2026-02-06T19:00:00+00:00,1,2026-02-07T10:00:00+00:00,15,0.022535475597166427,0.0,0.06166359184245801
9,2026-02-06T19:00:00+00:00,1,2026-02-07T11:00:00+00:00,16,0.009806286274195023,0.0,0.04893440251948661
9,2026-02-06T19:00:00+00:00,1,2026-02-07T12:00:00+00:00,17,0.010000085102853464,0.0,0.04912820134814505
9,2026-02-06T19:00:00+00:00,1,2026-02-07T13:00:00+00:00,18,0.12902880181019183,0.08990068556490025,0.1681569180554834
9,2026-02-06T19:00:00+00:00,1,2026-02-07T14:00:00+00:00,19,0.36087080443697833,0.3217426881916867,0.39999892068226994
9,2026-02-06T19:00:00+00:00,1,2026-02-07T15:00:00+00:00,20,0.4629631899565814,0.4238350737112898,0.502091306201873
9,2026-02-06T19:00:00+00:00,1,2026-02-07T16:00:00+00:00,21,0.6693529516521296,0.630224835406838,0.7084810678974212
9,2026-02-06T19:00:00+00:00,1,2026-02-07T17:00:00+00:00,22,0.8415975770227199,0.8024694607774283,0.8807256932680114
9,2026-02-06T19:00:00+00:00,1,2026-02-07T18:00:00+00:00,23,0.9166996010552798,0.8775714848099883,0.9558277173005714
9,2026-02-06T19:00:00+00:00,1,2026-02-07T19:00:00+00:00,24,0.9453291665210918,0.9062010502758002,0.9844572827663833
9,2026-02-06T19:00:00+00:00,1,2026-02-07T20:00:00+00:00,25,0.8999359808625297,0.8608078646172381,0.9390640971078212
9,2026-02-06T19:00:00+00:00,1,2026-02-07T21:00:00+00:00,26,0.8068379252333375,0.767709808988046,0.8459660414786291
9,2026-02-06T19:00:00+00:00,1,2026-02-07T22:00:00+00:00,27,0.718183797362421,0.6790556811171294,0.7573119136077126
9,2026-02-06T19:00:00+00:00,1,2026-02-07T23:00:00+00:00,28,0.5816193377078205,0.5424912214625289,0.620747453953112
9,2026-02-06T19:00:00+00:00,1,2026-02-08T00:00:00+00:00,29,0.5350973914785131,0.49596927523322154,0.5742255077238047
9,2026-02-06T19:00:00+00:00,1,2026-02-08T01:00:00+00:00,30,0.459009230047071,0.4198811138017794,0.4981373462923626
9,2026-02-06T19:00:00+00:00,1,2026-02-08T02:00:00+00:00,31,0.31127776539567953,0.272149649150388,0.3504058816409711
9,2026-02-06T19:00:00+00:00,1,2026-02-08T03:00:00+00:00,32,0.11506931580912101,0.07594119956382943,0.1541974320544126
9,2026-02-06T19:00:00+00:00,1,2026-02-08T04:00:00+00:00,33,0.04265563793911974,0.0035275216938281534,0.08178375418441132
9,2026-02-06T19:00:00+00:00,1,2026-02-08T05:00:00+00:00,34,0.0168218071494197,0.0,0.05594992339471128
9,2026-02-06T19:00:00+00:00,1,2026-02-08T06:00:00+00:00,35,0.010000085102853464,0.0,0.04912820134814505
9,2026-02-06T19:00:00+00:00,1,2026-02-08T07:00:00+00:00,36,0.010000085102853464,0.0,0.04912820134814505
9,2026-02-06T19:00:00+00:00,1,2026-02-08T08:00:00+00:00,37,0.010000085102853464,0.0,0.04912820134814505
9,2026-02-06T19:00:00+00:00,1,2026-02-08T09:00:00+00:00,38,0.04330015543171779,0.00417203918642621,0.08242827167700938
9,2026-02-06T19:00:00+00:00,1,2026-02-08T10:00:00+00:00,39,0.3598036694902678,0.3206755532449762,0.39893178573555943
9,2026-02-06T19:00:00+00:00,1,2026-02-08T11:00:00+00:00,40,0.7808229102195949,0.7416947939743034,0.8199510264648865
9,2026-02-06T19:00:00+00:00,1,2026-02-08T12:00:00+00:00,41,0.9323457618354966,0.893217645590205,0.9714738780807881
9,2026-02-06T19:00:00+00:00,1,2026-02-08T13:00:00+00:00,42,0.9637809360387826,0.924652819793491,1.0
9,2026-02-06T19:00:00+00:00,1,2026-02-08T14:00:00+00:00,43,0.9905742495941736,0.9514461333488821,1.0
9,2026-02-06T19:00:00+00:00,1,2026-02-08T15:00:00+00:00,44,0.9904725477455197,0.9513444315002282,1.0
9,2026-02-06T19:00:00+00:00,1,2026-02-08T16:00:00+00:00,45,0.9899638883086559,0.9508357720633643,1.0
9,2026-02-06T19:00:00+00:00,1,2026-02-08T17:00:00+00:00,46,0.9904725477455197,0.9513444315002282,1.0
9,2026-02-06T19:00:00+00:00,1,2026-02-08T18:00:00+00:00,47,0.9899638883086559,0.9508357720633643,1.0
9,2026-02-06T19:00:00+00:00,2,2026-02-06T19:00:00+00:00,0,0.3965370027379487,0.3610895354431797,0.43198447003271767
9,2026-02-06T19:00:00+00:00,2,2026-02-06T20:00:00+00:00,1,0.167795438524323,0.132347971229554,0.203242905819092
9,2026-02-06T19:00:00+00:00,2,2026-02-06T21:00:00+00:00,2,0.08345154222359137,0.048004074928822374,0.11889900951836037
9,2026-02-06T19:00:00+00:00,2,2026-02-06T22:00:00+00:00,3,0.06778498018796858,0.03233751289319958,0.10323244748273758
9,2026-02-06T19:00:00+00:00,2,2026-02-06T23:00:00+00:00,4,0.03357115373767617,0.0,0.06901862103244516
9,2026-02-06T19:00:00+00:00,2,2026-02-07T00:00:00+00:00,5,0.0312196594888999,0.0,0.0666671267836689
9,2026-02-06T19:00:00+00:00,2,2026-02-07T01:00:00+00:00,6,0.010189428457471495,0.0,0.04563689575224049
9,2026-02-06T19:00:00+00:00,2,2026-02-07T02:00:00+00:00,7,0.010000079546339509,0.0,0.04544754684110851
9,2026-02-06T19:00:00+00:00,2,2026-02-07T03:00:00+00:00,8,0.010000079546339509,0.0,0.04544754684110851
9,2026-02-06T19:00:00+00:00,2,2026-02-07T04:00:00+00:00,9,0.009992367862838358,0.0,0.045439835157607356
9,2026-02-06T19:00:00+00:00,2,2026-02-07T05:00:00+00:00,10,0.018742844062202803,0.0,0.054190311356971804
9,2026-02-06T19:00:00+00:00,2,2026-02-07T06:00:00+00:00,11,0.14164918226168444,0.10620171496691544,0.17709664955645343
9,2026-02-06T19:00:00+00:00,2,2026-02-07T07:00:00+00:00,12,0.2276803186788834,0.1922328513841144,0.2631277859736524
9,2026-02-06T19:00:00+00:00,2,2026-02-07T08:00:00+00:00,13,0.21686008825905723,0.18141262096428823,0.2523075555538262
9,2026-02-06T19:00:00+00:00,2,2026-02-07T09:00:00+00:00,14,0.1001512206341227,0.0647037533393537,0.13559868792889168
9,2026-02-06T19:00:00+00:00,2,2026-02-07T10:00:00+00:00,15,0.025978161919782496,0.0,0.0614256292145515
9,2026-02-06T19:00:00+00:00,2,2026-02-07T11:00:00+00:00,16,0.010143147884309457,0.0,0.045590615179078454
9,2026-02-06T19:00:00+00:00,2,2026-02-07T12:00:00+00:00,17,0.010000079546339509,0.0,0.04544754684110851
9,2026-02-06T19:00:00+00:00,2,2026-02-07T13:00:00+00:00,18,0.12143301853559663,0.08598555124082763,0.15688048583036562
9,2026-02-06T19:00:00+00:00,2,2026-02-07T14:00:00+00:00,19,0.33987867737005184,0.30443121007528284,0.37532614466482084
9,2026-02-06T19:00:00+00:00,2,2026-02-07T15:00:00+00:00,20,0.4215502926908243,0.3861028253960553,0.4569977599855933
9,2026-02-06T19:00:00+00:00,2,2026-02-07T16:00:00+00:00,21,0.6341435499486108,0.5986960826538418,0.6695910172433798
9,2026-02-06T19:00:00+00:00,2,2026-02-07T17:00:00+00:00,22,0.8185199077929326,0.7830724404981636,0.8539673750877016
9,2026-02-06T19:00:00+00:00,2,2026-02-07T18:00:00+00:00,23,0.90793784500524,0.872490377710471,0.943385312300009
9,2026-02-06T19:00:00+00:00,2,2026-02-07T19:00:00+00:00,24,0.9440891752013587,0.9086417079065897,0.9795366424961277
9,2026-02-06T19:00:00+00:00,2,2026-02-07T20:00:00+00:00,25,0.8855692923370515,0.8501218250422825,0.9210167596318205
9,2026-02-06T19:00:00+00:00,2,2026-02-07T21:00:00+00:00,26,0.7864191943233079,0.7509717270285389,0.8218666616180769
9,2026-02-06T19:00:00+00:00,2,2026-02-07T22:00:00+00:00,27,0.67794778433855,0.642500317043781,0.713395251633319
9,2026-02-06T19:00:00+00:00,2,2026-02-07T23:00:00+00:00,28,0.5492549878195199,0.5138075205247509,0.5847024551142889
9,2026-02-06T19:00:00+00:00,2,2026-02-08T00:00:00+00:00,29,0.48018846441104507,0.44474099711627607,0.5156359317058141
9,2026-02-06T19:00:00+00:00,2,2026-02-08T01:00:00+00:00,30,0.41945376299029424,0.38400629569552525,0.45490123028506324
9,2026-02-06T19:00:00+00:00,2,2026-02-08T02:00:00+00:00,31,0.27419343762239745,0.23874597032762845,0.30964090491716645
9,2026-02-06T19:00:00+00:00,2,2026-02-08T03:00:00+00:00,32,0.09494527829320733,0.05949781099843833,0.1303927455879763
9,2026-02-06T19:00:00+00:00,2,2026-02-08T04:00:00+00:00,33,0.03624643989990807,0.0007989726051390728,0.07169390719467707
9,2026-02-06T19:00:00+00:00,2,2026-02-08T05:00:00+00:00,34,0.014426965715713997,0.0,0.04987443301048299
9,2026-02-06T19:00:00+00:00,2,2026-02-08T06:00:00+00:00,35,0.009992367862838358,0.0,0.045439835157607356
9,2026-02-06T19:00:00+00:00,2,2026-02-08T07:00:00+00:00,36,0.010000079546339509,0.0,0.04544754684110851
9,2026-02-06T19:00:00+00:00,2,2026-02-08T08:00:00+00:00,37,0.010000079546339509,0.0,0.04544754684110851
9,2026-02-06T19:00:00+00:00,2,2026-02-08T09:00:00+00:00,38,0.04318959728789274,0.007742129993123743,0.07863706458266173
9,2026-02-06T19:00:00+00:00,2,2026-02-08T10:00:00+00:00,39,0.38465705027556724,0.34920958298079824,0.42010451757033623
9,2026-02-06T19:00:00+00:00,2,2026-02-08T11:00:00+00:00,40,0.758761233981702,0.723313766686933,0.794208701276471
9,2026-02-06T19:00:00+00:00,2,2026-02-08T12:00:00+00:00,41,0.9224197683060014,0.8869723010112324,0.9578672356007704
9,2026-02-06T19:00:00+00:00,2,2026-02-08T13:00:00+00:00,42,0.9572958364922162,0.9218483691974472,0.9927433037869852
9,2026-02-06T19:00:00+00:00,2,2026-02-08T14:00:00+00:00,43,0.9782931536581352,0.9428456863633662,1.0
9,2026-02-06T19:00:00+00:00,2,2026-02-08T15:00:00+00:00,44,0.9782931536581352,0.9428456863633662,1.0
9,2026-02-06T19:00:00+00:00,2,2026-02-08T16:00:00+00:00,45,0.979398001872988,0.943950534578219,1.0
9,2026-02-06T19:00:00+00:00,2,2026-02-08T17:00:00+00:00,46,0.9782931536581352,0.9428456863633662,1.0
9,2026-02-06T19:00:00+00:00,2,2026-02-08T18:00:00+00:00,47,0.979398001872988,0.943950534578219,1.0
10,2026-02-07T19:00:00+00:00,1,2026-02-07T19:00:00+00:00,0,0.9309302594904868,0.8918021432451952,0.9700583757357784
10,2026-02-07T19:00:00+00:00,1,2026-02-07T20:00:00+00:00,1,0.8677487352502807,0.8286206190049892,0.9068768514955723
10,2026-02-07T19:00:00+00:00,1,2026-02-07T21:00:00+00:00,2,0.78092982649363,0.7418017102483384,0.8200579427389215
10,2026-02-07T19:00:00+00:00,1,2026-02-07T22:00:00+00:00,3,0.6727883190572301,0.6336602028119386,0.7119164353025217
10,2026-02-07T19:00:00+00:00,1,2026-02-07T23:00:00+00:00,4,0.5363458847279989,0.4972177684827074,0.5754740009732905
10,2026-02-07T19:00:00+00:00,1,2026-02-08T00:00:00+00:00,5,0.5363458847279989,0.4972177684827074,0.5754740009732905
10,2026-02-07T19:00:00+00:00,1,2026-02-08T01:00:00+00:00,6,0.4880282488941278,0.4489001326488362,0.5271563651394194
10,2026-02-07T19:00:00+00:00,1,2026-02-08T02:00:00+00:00,7,0.3140431708801579,0.2749150546348663,0.35317128712544943
10,2026-02-07T19:00:00+00:00,1,2026-02-08T03:00:00+00:00,8,0.11506931580912101,0.07594119956382943,0.1541974320544126
10,2026-02-07T19:00:00+00:00,1,2026-02-08T04:00:00+00:00,9,0.026110646366428986,0.0,0.06523876261172057
10,2026-02-07T19:00:00+00:00,1,2026-02-08T05:00:00+00:00,10,0.01226827885638451,0.0,0.051396395101676096
10,2026-02-07T19:00:00+00:00,1,2026-02-08T06:00:00+00:00,11,0.009709075314585239,0.0,0.04883719155987682
10,2026-02-07T19:00:00+00:00,1,2026-02-08T07:00:00+00:00,12,0.010000085102853464,0.0,0.04912820134814505
10,2026-02-07T19:00:00+00:00,1,2026-02-08T08:00:00+00:00,13,0.010000085102853464,0.0,0.04912820134814505
10,2026-02-07T19:00:00+00:00,1,2026-02-08T09:00:00+00:00,14,0.011669206712867869,0.0,0.050797322958159453
10,2026-02-07T19:00:00+00:00,1,2026-02-08T10:00:00+00:00,15,0.19089376044696887,0.1517656442016773,0.23002187669226046
10,2026-02-07T19:00:00+00:00,1,2026-02-08T11:00:00+00:00,16,0.6255315512092865,0.5864034349639949,0.664659667454578
10,2026-02-07T19:00:00+00:00,1,2026-02-08T12:00:00+00:00,17,0.8604011769594438,0.8212730607141523,0.8995292932047354
10,2026-02-07T19:00:00+00:00,1,2026-02-08T13:00:00+00:00,18,0.9066285697427828,0.8675004534974913,0.9457566859880744
10,2026-02-07T19:00:00+00:00,1,2026-02-08T14:00:00+00:00,19,0.9637809360387826,0.924652819793491,1.0
10,2026-02-07T19:00:00+00:00,1,2026-02-08T15:00:00+00:00,20,0.9898488232135894,0.9507207069682978,1.0
10,2026-02-07T19:00:00+00:00,1,2026-02-08T16:00:00+00:00,21,0.9902367191093018,0.9511086028640102,1.0
10,2026-02-07T19:00:00+00:00,1,2026-02-08T17:00:00+00:00,22,0.9899638883086559,0.9508357720633643,1.0
10,2026-02-07T19:00:00+00:00,1,2026-02-08T18:00:00+00:00,23,0.9904725477455197,0.9513444315002282,1.0
10,2026-02-07T19:00:00+00:00,1,2026-02-08T19:00:00+00:00,24,0.9904725477455197,0.9513444315002282,1.0
10,2026-02-07T19:00:00+00:00,1,2026-02-08T20:00:00+00:00,25,0.9905110424520133,0.9513829262067217,1.0
10,2026-02-07T19:00:00+00:00,1,2026-02-08T21:00:00+00:00,26,0.990250093202293,0.9511219769570014,1.0
10,2026-02-07T19:00:00+00:00,1,2026-02-08T22:00:00+00:00,27,0.9895362342600807,0.9504081180147892,1.0
10,2026-02-07T19:00:00+00:00,1,2026-02-08T23:00:00+00:00,28,0.9898862295745611,0.9507581133292695,1.0
10,2026-02-07T19:00:00+00:00,1,2026-02-09T00:00:00+00:00,29,0.9799881883823321,0.9408600721370406,1.0
10,2026-02-07T19:00:00+00:00,1,2026-02-09T01:00:00+00:00,30,0.917721500533198,0.8785933842879065,0.9568496167784896
10,2026-02-07T19:00:00+00:00,1,2026-02-09T02:00:00+00:00,31,0.87163250376682,0.8325043875215284,0.9107606200121116
10,2026-02-07T19:00:00+00:00,1,2026-02-09T03:00:00+00:00,32,0.8429233376275902,0.8037952213822986,0.8820514538728818
10,2026-02-07T19:00:00+00:00,1,2026-02-09T04:00:00+00:00,33,0.7785450315162721,0.7394169152709805,0.8176731477615636
10,2026-02-07T19:00:00+00:00,1,2026-02-09T05:00:00+00:00,34,0.7092861182629412,0.6701580020176496,0.7484142345082327
10,2026-02-07T19:00:00+00:00,1,2026-02-09T06:00:00+00:00,35,0.7620672537507995,0.722939137505508,0.8011953699960911
10,2026-02-07T19:00:00+00:00,1,2026-02-09T07:00:00+00:00,36,0.7808229102195949,0.7416947939743034,0.8199510264648865
10,2026-02-07T19:00:00+00:00,1,2026-02-09T08:00:00+00:00,37,0.7125885079715952,0.6734603917263037,0.7517166242168868
10,2026-02-07T19:00:00+00:00,1,2026-02-09T09:00:00+00:00,38,0.7919157715654346,0.752787655320143,0.8310438878107261
10,2026-02-07T19:00:00+00:00,1,2026-02-09T10:00:00+00:00,39,0.8400549937541486,0.800926877508857,0.8791831099994402
10,2026-02-07T19:00:00+00:00,1,2026-02-09T11:00:00+00:00,40,0.8035239072356142,0.7643957909903226,0.8426520234809057
10,2026-02-07T19:00:00+00:00,1,2026-02-09T12:00:00+00:00,41,0.7823943503288358,0.7432662340835442,0.8215224665741273
10,2026-02-07T19:00:00+00:00,1,2026-02-09T13:00:00+00:00,42,0.692772669474444,0.6536445532291525,0.7319007857197356
10,2026-02-07T19:00:00+00:00,1,2026-02-09T14:00:00+00:00,43,0.5588311183759616,0.51970300213067,0.5979592346212531
10,2026-02-07T19:00:00+00:00,1,2026-02-09T15:00:00+00:00,44,0.3332481200947233,0.2941200038494317,0.37237623634001493
10,2026-02-07T19:00:00+00:00,1,2026-02-09T16:00:00+00:00,45,0.11105819525810283,0.07193007901281125,0.1501863115033944
10,2026-02-07T19:00:00+00:00,1,2026-02-09T17:00:00+00:00,46,0.010000085102853464,0.0,0.04912820134814505
10,2026-02-07T19:00:00+00:00,1,2026-02-09T18:00:00+00:00,47,0.010161404684475737,0.0,0.04928952092976732
10,2026-02-07T19:00:00+00:00,2,2026-02-07T19:00:00+00:00,0,0.9180990523513375,0.8826515850565685,0.9535465196461065
10,2026-02-07T19:00:00+00:00,2,2026-02-07T20:00:00+00:00,1,0.8531366360212271,0.8176891687264581,0.8885841033159961
10,2026-02-07T19:00:00+00:00,2,2026-02-07T21:00:00+00:00,2,0.7569205510798844,0.7214730837851154,0.7923680183746534
10,2026-02-07T19:00:00+00:00,2,2026-02-07T22:00:00+00:00,3,0.6352967040325155,0.5998492367377465,0.6707441713272845
10,2026-02-07T19:00:00+00:00,2,2026-02-07T23:00:00+00:00,4,0.48027106563736716,0.44482359834259816,0.5157185329321361
10,2026-02-07T19:00:00+00:00,2,2026-02-08T00:00:00+00:00,5,0.48027106563736716,0.44482359834259816,0.5157185329321361
10,2026-02-07T19:00:00+00:00,2,2026-02-08T01:00:00+00:00,6,0.4524198869498173,0.4169724196550483,0.48786735424458627
10,2026-02-07T19:00:00+00:00,2,2026-02-08T02:00:00+00:00,7,0.27591549470449583,0.24046802740972684,0.31136296199926483
10,2026-02-07T19:00:00+00:00,2,2026-02-08T03:00:00+00:00,8,0.09870540721612393,0.06325793992135494,0.13415287451089292
10,2026-02-07T19:00:00+00:00,2,2026-02-08T04:00:00+00:00,9,0.024063424313666915,0.0,0.05951089160843591
10,2026-02-07T19:00:00+00:00,2,2026-02-08T05:00:00+00:00,10,0.010234802650255235,0.0,0.04568226994502423
10,2026-02-07T19:00:00+00:00,2,2026-02-08T06:00:00+00:00,11,0.009915875124255864,0.0,0.04536334241902486
10,2026-02-07T19:00:00+00:00,2,2026-02-08T07:00:00+00:00,12,0.010000079546339509,0.0,0.04544754684110851
10,2026-02-07T19:00:00+00:00,2,2026-02-08T08:00:00+00:00,13,0.010000079546339509,0.0,0.04544754684110851
10,2026-02-07T19:00:00+00:00,2,2026-02-08T09:00:00+00:00,14,0.010869893419083756,0.0,0.04631736071385276
10,2026-02-07T19:00:00+00:00,2,2026-02-08T10:00:00+00:00,15,0.18205107413329136,0.14660360683852236,0.21749854142806035
10,2026-02-07T19:00:00+00:00,2,2026-02-08T11:00:00+00:00,16,0.6020333641558215,0.5665858968610525,0.6374808314505905
10,2026-02-07T19:00:00+00:00,2,2026-02-08T12:00:00+00:00,17,0.8486762311446021,0.8132287638498331,0.8841236984393711
10,2026-02-07T19:00:00+00:00,2,2026-02-08T13:00:00+00:00,18,0.8980255908107206,0.8625781235159516,0.9334730581054896
10,2026-02-07T19:00:00+00:00,2,2026-02-08T14:00:00+00:00,19,0.9550415478391767,0.9195940805444077,0.9904890151339457
10,2026-02-07T19:00:00+00:00,2,2026-02-08T15:00:00+00:00,20,0.9771870752009615,0.9417396079061925,1.0
10,2026-02-07T19:00:00+00:00,2,2026-02-08T16:00:00+00:00,21,0.979553062242295,0.944105594947526,1.0
10,2026-02-07T19:00:00+00:00,2,2026-02-08T17:00:00+00:00,22,0.979398001872988,0.943950534578219,1.0
10,2026-02-07T19:00:00+00:00,2,2026-02-08T18:00:00+00:00,23,0.9782931536581352,0.9428456863633662,1.0
10,2026-02-07T19:00:00+00:00,2,2026-02-08T19:00:00+00:00,24,0.9782931536581352,0.9428456863633662,1.0
10,2026-02-07T19:00:00+00:00,2,2026-02-08T20:00:00+00:00,25,0.9805316842287877,0.9450842169340187,1.0
10,2026-02-07T19:00:00+00:00,2,2026-02-08T21:00:00+00:00,26,0.9805316842287877,0.9450842169340187,1.0
10,2026-02-07T19:00:00+00:00,2,2026-02-08T22:00:00+00:00,27,0.9771870752009615,0.9417396079061925,1.0
10,2026-02-07T19:00:00+00:00,2,2026-02-08T23:00:00+00:00,28,0.979553062242295,0.944105594947526,1.0
10,2026-02-07T19:00:00+00:00,2,2026-02-09T00:00:00+00:00,29,0.9680784636788624,0.9326309963840934,1.0
10,2026-02-07T19:00:00+00:00,2,2026-02-09T01:00:00+00:00,30,0.90793784500524,0.872490377710471,0.943385312300009
10,2026-02-07T19:00:00+00:00,2,2026-02-09T02:00:00+00:00,31,0.8621279046997035,0.8266804374049345,0.8975753719944725
10,2026-02-07T19:00:00+00:00,2,2026-02-09T03:00:00+00:00,32,0.8293111810377334,0.7938637137429644,0.8647586483325024
10,2026-02-07T19:00:00+00:00,2,2026-02-09T04:00:00+00:00,33,0.7563377380578646,0.7208902707630956,0.7917852053526336
10,2026-02-07T19:00:00+00:00,2,2026-02-09T05:00:00+00:00,34,0.6767666310893787,0.6413191637946097,0.7122140983841477
10,2026-02-07T19:00:00+00:00,2,2026-02-09T06:00:00+00:00,35,0.7289480627514333,0.6935005954566643,0.7643955300462023
10,2026-02-07T19:00:00+00:00,2,2026-02-09T07:00:00+00:00,36,0.7735098941830167,0.7380624268882477,0.8089573614777857
10,2026-02-07T19:00:00+00:00,2,2026-02-09T08:00:00+00:00,37,0.7081119810701171,0.6726645137753481,0.7435594483648861
10,2026-02-07T19:00:00+00:00,2,2026-02-09T09:00:00+00:00,38,0.7856843934440079,0.7502369261492389,0.8211318607387769
10,2026-02-07T19:00:00+00:00,2,2026-02-09T10:00:00+00:00,39,0.8254252562856437,0.7899777889908747,0.8608727235804127
10,2026-02-07T19:00:00+00:00,2,2026-02-09T11:00:00+00:00,40,0.7858363813012881,0.7503889140065191,0.8212838485960571
10,2026-02-07T19:00:00+00:00,2,2026-02-09T12:00:00+00:00,41,0.7735098941830167,0.7380624268882477,0.8089573614777857
10,2026-02-07T19:00:00+00:00,2,2026-02-09T13:00:00+00:00,42,0.6761898606362229,0.6407423933414539,0.7116373279309919
10,2026-02-07T19:00:00+00:00,2,2026-02-09T14:00:00+00:00,43,0.5355741094270583,0.5001266421322893,0.5710215767218273
10,2026-02-07T19:00:00+00:00,2,2026-02-09T15:00:00+00:00,44,0.31118582395755284,0.27573835666278385,0.34663329125232184
10,2026-02-07T19:00:00+00:00,2,2026-02-09T16:00:00+00:00,45,0.09917199344214125,0.06372452614737226,0.13461946073691025
10,2026-02-07T19:00:00+00:00,2,2026-02-09T17:00:00+00:00,46,0.010000079546339509,0.0,0.04544754684110851
10,2026-02-07T19:00:00+00:00,2,2026-02-09T18:00:00+00:00,47,0.009348168156965838,0.0,0.04479563545173484
11,2026-02-08T19:00:00+00:00,1,2026-02-08T19:00:00+00:00,0,0.9898488232135894,0.9507207069682978,1.0
11,2026-02-08T19:00:00+00:00,1,2026-02-08T20:00:00+00:00,1,0.9905160288532605,0.951387912607969,1.0
11,2026-02-08T19:00:00+00:00,1,2026-02-08T21:00:00+00:00,2,0.9898621973065805,0.950734081061289,1.0
11,2026-02-08T19:00:00+00:00,1,2026-02-08T22:00:00+00:00,3,0.990250093202293,0.9511219769570014,1.0
11,2026-02-08T19:00:00+00:00,1,2026-02-08T23:00:00+00:00,4,0.9807881347203281,0.9416600184750366,1.0
11,2026-02-08T19:00:00+00:00,1,2026-02-09T00:00:00+00:00,5,0.917721500533198,0.8785933842879065,0.9568496167784896
11,2026-02-08T19:00:00+00:00,1,2026-02-09T01:00:00+00:00,6,0.8632336931183524,0.8241055768730609,0.902361809363644
11,2026-02-08T19:00:00+00:00,1,2026-02-09T02:00:00+00:00,7,0.8333209540340283,0.7941928377887367,0.8724490702793198
11,2026-02-08T19:00:00+00:00,1,2026-02-09T03:00:00+00:00,8,0.806828645277748,0.7677005290324564,0.8459567615230396
11,2026-02-08T19:00:00+00:00,1,2026-02-09T04:00:00+00:00,9,0.8699791778270787,0.8308510615817871,0.9091072940723702
11,2026-02-08T19:00:00+00:00,1,2026-02-09T05:00:00+00:00,10,0.7815805882429648,0.7424524719976733,0.8207087044882564
11,2026-02-08T19:00:00+00:00,1,2026-02-09T06:00:00+00:00,11,0.8397817716369123,0.8006536553916207,0.8789098878822038
11,2026-02-08T19:00:00+00:00,1,2026-02-09T07:00:00+00:00,12,0.8665423480183612,0.8274142317730696,0.9056704642636527
11,2026-02-08T19:00:00+00:00,1,2026-02-09T08:00:00+00:00,13,0.7810961323368313,0.7419680160915397,0.8202242485821228
11,2026-02-08T19:00:00+00:00,1,2026-02-09T09:00:00+00:00,14,0.8387465155078748,0.7996183992625833,0.8778746317531664
11,2026-02-08T19:00:00+00:00,1,2026-02-09T10:00:00+00:00,15,0.7116953926288165,0.672567276383525,0.7508235088741081
11,2026-02-08T19:00:00+00:00,1,2026-02-09T11:00:00+00:00,16,0.7445983507179186,0.705470234472627,0.7837264669632101
11,2026-02-08T19:00:00+00:00,1,2026-02-09T12:00:00+00:00,17,0.607861722240352,0.5687336059950604,0.6469898384856435
11,2026-02-08T19:00:00+00:00,1,2026-02-09T13:00:00+00:00,18,0.36087080443697833,0.3217426881916867,0.39999892068226994
11,2026-02-08T19:00:00+00:00,1,2026-02-09T14:00:00+00:00,19,0.14820513201399602,0.10907701576870443,0.1873332482592876
11,2026-02-08T19:00:00+00:00,1,2026-02-09T15:00:00+00:00,20,0.014415297329190167,0.0,0.05354341357448175
11,2026-02-08T19:00:00+00:00,1,2026-02-09T16:00:00+00:00,21,0.010000085102853464,0.0,0.04912820134814505
11,2026-02-08T19:00:00+00:00,1,2026-02-09T17:00:00+00:00,22,0.010032430977103358,0.0,0.04916054722239494
11,2026-02-08T19:00:00+00:00,1,2026-02-09T18:00:00+00:00,23,0.015565167882251934,0.0,0.05469328412754352
11,2026-02-08T19:00:00+00:00,1,2026-02-09T19:00:00+00:00,24,0.024314921410673873,0.0,0.06344303765596546
11,2026-02-08T19:00:00+00:00,1,2026-02-09T20:00:00+00:00,25,0.012097105175247152,0.0,0.05122522142053874
11,2026-02-08T19:00:00+00:00,1,2026-02-09T21:00:00+00:00,26,0.013935429282585446,0.0,0.05306354552787703
11,2026-02-08T19:00:00+00:00,1,2026-02-09T22:00:00+00:00,27,0.014262040907061438,0.0,0.05339015715235302
11,2026-02-08T19:00:00+00:00,1,2026-02-09T23:00:00+00:00,28,0.021147311445061774,0.0,0.06027542769035336
11,2026-02-08T19:00:00+00:00,1,2026-02-10T00:00:00+00:00,29,0.05893456314657454,0.019806446901282956,0.09806267939186612
11,2026-02-08T19:00:00+00:00,1,2026-02-10T01:00:00+00:00,30,0.16286795662418876,0.12373984037889718,0.20199607286948035
11,2026-02-08T19:00:00+00:00,1,2026-02-10T02:00:00+00:00,31,0.13189855523967797,0.09277043899438639,0.17102667148496956
11,2026-02-08T19:00:00+00:00,1,2026-02-10T03:00:00+00:00,32,0.010000085102853464,0.0,0.04912820134814505
11,2026-02-08T19:00:00+00:00,1,2026-02-10T04:00:00+00:00,33,0.19635048016777332,0.15722236392248173,0.2354785964130649
11,2026-02-08T19:00:00+00:00,1,2026-02-10T05:00:00+00:00,34,0.09372980360514559,0.054601687359854004,0.13285791985043716
11,2026-02-08T19:00:00+00:00,1,2026-02-10T06:00:00+00:00,35,0.01921149786582506,0.0,0.05833961411111664
11,2026-02-08T19:00:00+00:00,1,2026-02-10T07:00:00+00:00,36,0.11201247126945142,0.07288435502415984,0.15114058751474302
11,2026-02-08T19:00:00+00:00,1,2026-02-10T08:00:00+00:00,37,0.44144996329216707,0.40232184704687546,0.4805780795374587
11,2026-02-08T19:00:00+00:00,1,2026-02-10T09:00:00+00:00,38,0.11647779655917886,0.07734968031388728,0.15560591280447045
11,2026-02-08T19:00:00+00:00,1,2026-02-10T10:00:00+00:00,39,0.11325080841946991,0.07412269217417833,0.1523789246647615
11,2026-02-08T19:00:00+00:00,1,2026-02-10T11:00:00+00:00,40,0.1677478107543791,0.12861969450908753,0.2068759269996707
11,2026-02-08T19:00:00+00:00,1,2026-02-10T12:00:00+00:00,41,0.15741055720292405,0.11828244095763246,0.19653867344821563
11,2026-02-08T19:00:00+00:00,1,2026-02-10T13:00:00+00:00,42,0.09898765170299301,0.059859535457701424,0.1381157679482846
11,2026-02-08T19:00:00+00:00,1,2026-02-10T14:00:00+00:00,43,0.25473333068304294,0.21560521443775135,0.2938614469283345
11,2026-02-08T19:00:00+00:00,1,2026-02-10T15:00:00+00:00,44,0.7458679486182991,0.7067398323730075,0.7849960648635906
11,2026-02-08T19:00:00+00:00,1,2026-02-10T16:00:00+00:00,45,0.80858235130988,0.7694542350645884,0.8477104675551715
11,2026-02-08T19:00:00+00:00,1,2026-02-10T17:00:00+00:00,46,0.8999359808625297,0.8608078646172381,0.9390640971078212
11,2026-02-08T19:00:00+00:00,1,2026-02-10T18:00:00+00:00,47,0.9498529056070187,0.9107247893617272,0.9889810218523103
11,2026-02-08T19:00:00+00:00,2,2026-02-08T19:00:00+00:00,0,0.9771870752009615,0.9417396079061925,1.0
11,2026-02-08T19:00:00+00:00,2,2026-02-08T20:00:00+00:00,1,0.9790533206806864,0.9436058533859174,1.0
11,2026-02-08T19:00:00+00:00,2,2026-02-08T21:00:00+00:00,2,0.9771870752009615,0.9417396079061925,1.0
11,2026-02-08T19:00:00+00:00,2,2026-02-08T22:00:00+00:00,3,0.979553062242295,0.944105594947526,1.0
11,2026-02-08T19:00:00+00:00,2,2026-02-08T23:00:00+00:00,4,0.9704661923000539,0.9350187250052849,1.0
11,2026-02-08T19:00:00+00:00,2,2026-02-09T00:00:00+00:00,5,0.90793784500524,0.872490377710471,0.943385312300009
11,2026-02-08T19:00:00+00:00,2,2026-02-09T01:00:00+00:00,6,0.8486762311446021,0.8132287638498331,0.8841236984393711
11,2026-02-08T19:00:00+00:00,2,2026-02-09T02:00:00+00:00,7,0.8026793435833088,0.7672318762885398,0.8381268108780778
11,2026-02-08T19:00:00+00:00,2,2026-02-09T03:00:00+00:00,8,0.7864191943233079,0.7509717270285389,0.8218666616180769
11,2026-02-08T19:00:00+00:00,2,2026-02-09T04:00:00+00:00,9,0.8621279046997035,0.8266804374049345,0.8975753719944725
11,2026-02-08T19:00:00+00:00,2,2026-02-09T05:00:00+00:00,10,0.758761233981702,0.723313766686933,0.794208701276471
11,2026-02-08T19:00:00+00:00,2,2026-02-09T06:00:00+00:00,11,0.8153707088660838,0.7799232415713148,0.8508181761608528
11,2026-02-08T19:00:00+00:00,2,2026-02-09T07:00:00+00:00,12,0.8447903063925124,0.8093428390977434,0.8802377736872814
11,2026-02-08T19:00:00+00:00,2,2026-02-09T08:00:00+00:00,13,0.7586092461244218,0.7231617788296528,0.7940567134191908
11,2026-02-08T19:00:00+00:00,2,2026-02-09T09:00:00+00:00,14,0.8254252562856437,0.7899777889908747,0.8608727235804127
11,2026-02-08T19:00:00+00:00,2,2026-02-09T10:00:00+00:00,15,0.6925423132605608,0.6570948459657918,0.7279897805553298
11,2026-02-08T19:00:00+00:00,2,2026-02-09T11:00:00+00:00,16,0.7140155245052762,0.6785680572105072,0.7494629918000452
11,2026-02-08T19:00:00+00:00,2,2026-02-09T12:00:00+00:00,17,0.6051911876129816,0.5697437203182126,0.6406386549077506
11,2026-02-08T19:00:00+00:00,2,2026-02-09T13:00:00+00:00,18,0.36765436704045484,0.33220689974568585,0.40310183433522384
11,2026-02-08T19:00:00+00:00,2,2026-02-09T14:00:00+00:00,19,0.13670517721182246,0.10125770991705346,0.17215264450659146
11,2026-02-08T19:00:00+00:00,2,2026-02-09T15:00:00+00:00,20,0.010189428457471495,0.0,0.04563689575224049
11,2026-02-08T19:00:00+00:00,2,2026-02-09T16:00:00+00:00,21,0.010000079546339509,0.0,0.04544754684110851
11,2026-02-08T19:00:00+00:00,2,2026-02-09T17:00:00+00:00,22,0.009992367862838358,0.0,0.045439835157607356
11,2026-02-08T19:00:00+00:00,2,2026-02-09T18:00:00+00:00,23,0.009515924967580887,0.0,0.04496339226234988
11,2026-02-08T19:00:00+00:00,2,2026-02-09T19:00:00+00:00,24,0.02221741299507079,0.0,0.057664880289839786
11,2026-02-08T19:00:00+00:00,2,2026-02-09T20:00:00+00:00,25,0.00912097701772717,0.0,0.04456844431249617
11,2026-02-08T19:00:00+00:00,2,2026-02-09T21:00:00+00:00,26,0.010234802650255235,0.0,0.04568226994502423
11,2026-02-08T19:00:00+00:00,2,2026-02-09T22:00:00+00:00,27,0.011320857038600246,0.0,0.04676832433336924
11,2026-02-08T19:00:00+00:00,2,2026-02-09T23:00:00+00:00,28,0.016579675734553777,0.0,0.05202714302932278
11,2026-02-08T19:00:00+00:00,2,2026-02-10T00:00:00+00:00,29,0.04839030788058312,0.012942840585814123,0.08383777517535212
11,2026-02-08T19:00:00+00:00,2,2026-02-10T01:00:00+00:00,30,0.14164918226168444,0.10620171496691544,0.17709664955645343
11,2026-02-08T19:00:00+00:00,2,2026-02-10T02:00:00+00:00,31,0.11740616286467782,0.08195869556990883,0.1528536301594468
11,2026-02-08T19:00:00+00:00,2,2026-02-10T03:00:00+00:00,32,0.010000079546339509,0.0,0.04544754684110851
11,2026-02-08T19:00:00+00:00,2,2026-02-10T04:00:00+00:00,33,0.18205107413329136,0.14660360683852236,0.21749854142806035
11,2026-02-08T19:00:00+00:00,2,2026-02-10T05:00:00+00:00,34,0.07287628937928428,0.037428822084515284,0.10832375667405328
11,2026-02-08T19:00:00+00:00,2,2026-02-10T06:00:00+00:00,35,0.018101012706020752,0.0,0.05354848000078975
11,2026-02-08T19:00:00+00:00,2,2026-02-10T07:00:00+00:00,36,0.0997654037494399,0.0643179364546709,0.1352128710442089
11,2026-02-08T19:00:00+00:00,2,2026-02-10T08:00:00+00:00,37,0.4185029092310203,0.3830554419362513,0.4539503765257893
11,2026-02-08T19:00:00+00:00,2,2026-02-10T09:00:00+00:00,38,0.10039771307061746,0.06495024577584846,0.13584518036538645
11,2026-02-08T19:00:00+00:00,2,2026-02-10T10:00:00+00:00,39,0.104970637054027,0.069523169759258,0.14041810434879598
11,2026-02-08T19:00:00+00:00,2,2026-02-10T11:00:00+00:00,40,0.17561349791522457,0.14016603062045557,0.21106096520999357
11,2026-02-08T19:00:00+00:00,2,2026-02-10T12:00:00+00:00,41,0.15957999293150893,0.12413252563673993,0.19502746022627793
11,2026-02-08T19:00:00+00:00,2,2026-02-10T13:00:00+00:00,42,0.08448465859849988,0.04903719130373088,0.11993212589326888
11,2026-02-08T19:00:00+00:00,2,2026-02-10T14:00:00+00:00,43,0.2410706906659168,0.2056232233711478,0.2765181579606858
11,2026-02-08T19:00:00+00:00,2,2026-02-10T15:00:00+00:00,44,0.7140155245052762,0.6785680572105072,0.7494629918000452
11,2026-02-08T19:00:00+00:00,2,2026-02-10T16:00:00+00:00,45,0.7909280859990524,0.7554806187042834,0.8263755532938214
11,2026-02-08T19:00:00+00:00,2,2026-02-10T17:00:00+00:00,46,0.8869259980012274,0.8514785307064584,0.9223734652959964
11,2026-02-08T19:00:00+00:00,2,2026-02-10T18:00:00+00:00,47,0.946462846700262,0.911015379405493,0.981910313995031
12,2026-02-09T19:00:00+00:00,1,2026-02-09T19:00:00+00:00,0,0.010000085102853464,0.0,0.04912820134814505
12,2026-02-09T19:00:00+00:00,1,2026-02-09T20:00:00+00:00,1,0.02410037989220805,0.0,0.06322849613749963
12,2026-02-09T19:00:00+00:00,1,2026-02-09T21:00:00+00:00,2,0.024559942647598476,0.0,0.06368805889289006
12,2026-02-09T19:00:00+00:00,1,2026-02-09T22:00:00+00:00,3,0.050840133600083506,0.011712017354791923,0.08996824984537509
12,2026-02-09T19:00:00+00:00,1,2026-02-09T23:00:00+00:00,4,0.019235298484444434,0.0,0.05836341472973602
12,2026-02-09T19:00:00+00:00,1,2026-02-10T00:00:00+00:00,5,0.01824827072403202,0.0,0.0573763869693236
12,2026-02-09T19:00:00+00:00,1,2026-02-10T01:00:00+00:00,6,0.01239848202647465,0.0,0.051526598271766234
12,2026-02-09T19:00:00+00:00,1,2026-02-10T02:00:00+00:00,7,0.08953289018104299,0.05040477393575141,0.12866100642633457
12,2026-02-09T19:00:00+00:00,1,2026-02-10T03:00:00+00:00,8,0.4650065468228087,0.42587843057751706,0.5041346630681003
12,2026-02-09T19:00:00+00:00,1,2026-02-10T04:00:00+00:00,9,0.38953366089705516,0.35040554465176355,0.42866177714234677
12,2026-02-09T19:00:00+00:00,1,2026-02-10T05:00:00+00:00,10,0.12859062195119428,0.0894625057059027,0.16771873819648586
12,2026-02-09T19:00:00+00:00,1,2026-02-10T06:00:00+00:00,11,0.022204298106222396,0.0,0.06133241435151398
12,2026-02-09T19:00:00+00:00,1,2026-02-10T07:00:00+00:00,12,0.02543020951198815,0.0,0.06455832575727974
12,2026-02-09T19:00:00+00:00,1,2026-02-10T08:00:00+00:00,13,0.11213038535564177,0.07300226911035018,0.15125850160093335
12,2026-02-09T19:00:00+00:00,1,2026-02-10T09:00:00+00:00,14,0.2134932382135495,0.17436512196825793,0.2526213544588411
12,2026-02-09T19:00:00+00:00,1,2026-02-10T10:00:00+00:00,15,0.2012529645036139,0.16212484825832232,0.2403810807489055
12,2026-02-09T19:00:00+00:00,1,2026-02-10T11:00:00+00:00,16,0.20134809275965765,0.16221997651436607,0.24047620900494923
12,2026-02-09T19:00:00+00:00,1,2026-02-10T12:00:00+00:00,17,0.29703939221881515,0.2579112759735236,0.3361675084641067
12,2026-02-09T19:00:00+00:00,1,2026-02-10T13:00:00+00:00,18,0.07588962092499643,0.03676150467970485,0.11501773717028801
12,2026-02-09T19:00:00+00:00,1,2026-02-10T14:00:00+00:00,19,0.018416172218825543,0.0,0.057544288464117126
12,2026-02-09T19:00:00+00:00,1,2026-02-10T15:00:00+00:00,20,0.2510253343447002,0.21189721809940862,0.29015345058999176
12,2026-02-09T19:00:00+00:00,1,2026-02-10T16:00:00+00:00,21,0.6002106676580243,0.5610825514127328,0.6393387839033159
12,2026-02-09T19:00:00+00:00,1,2026-02-10T17:00:00+00:00,22,0.8050664905041854,0.7659383742588939,0.844194606749477
12,2026-02-09T19:00:00+00:00,1,2026-02-10T18:00:00+00:00,23,0.9453291665210918,0.9062010502758002,0.9844572827663833
12,2026-02-09T19:00:00+00:00,1,2026-02-10T19:00:00+00:00,24,0.9430770850713047,0.9039489688260132,0.9822052013165963
12,2026-02-09T19:00:00+00:00,1,2026-02-10T20:00:00+00:00,25,0.7934583548340058,0.7543302385887143,0.8325864710792974
12,2026-02-09T19:00:00+00:00,1,2026-02-10T21:00:00+00:00,26,0.5384600096252109,0.49933189337991934,0.5775881258705025
12,2026-02-09T19:00:00+00:00,1,2026-02-10T22:00:00+00:00,27,0.4682211132269936,0.429092996981702,0.5073492294722852
12,2026-02-09T19:00:00+00:00,1,2026-02-10T23:00:00+00:00,28,0.22195604765364477,0.18282793140835318,0.26108416389893635
12,2026-02-09T19:00:00+00:00,1,2026-02-11T00:00:00+00:00,29,0.11676410585923691,0.07763598961394533,0.1558922221045285
12,2026-02-09T19:00:00+00:00,1,2026-02-11T01:00:00+00:00,30,0.010000085102853464,0.0,0.04912820134814505
12,2026-02-09T19:00:00+00:00,1,2026-02-11T02:00:00+00:00,31,0.010000085102853464,0.0,0.04912820134814505
12,2026-02-09T19:00:00+00:00,1,2026-02-11T03:00:00+00:00,32,0.01742192067907087,0.0,0.05655003692436245
12,2026-02-09T19:00:00+00:00,1,2026-02-11T04:00:00+00:00,33,0.012698167949876238,0.0,0.05182628419516782
12,2026-02-09T19:00:00+00:00,1,2026-02-11T05:00:00+00:00,34,0.11551247652957347,0.07638436028428189,0.15464059277486505
12,2026-02-09T19:00:00+00:00,1,2026-02-11T06:00:00+00:00,35,0.07294364095512897,0.03381552470983738,0.11207175720042055
12,2026-02-09T19:00:00+00:00,1,2026-02-11T07:00:00+00:00,36,0.059194263529339694,0.02006614728404811,0.09832237977463128
12,2026-02-09T19:00:00+00:00,1,2026-02-11T08:00:00+00:00,37,0.010000085102853464,0.0,0.04912820134814505
12,2026-02-09T19:00:00+00:00,1,2026-02-11T09:00:00+00:00,38,0.48761134977502146,0.44848323352972985,0.5267394660203131
12,2026-02-09T19:00:00+00:00,1,2026-02-11T10:00:00+00:00,39,0.9876605716697194,0.9485324554244279,1.0
12,2026-02-09T19:00:00+00:00,1,2026-02-11T11:00:00+00:00,40,0.9899996311591639,0.9508715149138723,1.0
12,2026-02-09T19:00:00+00:00,1,2026-02-11T12:00:00+00:00,41,0.9899996311591639,0.9508715149138723,1.0
12,2026-02-09T19:00:00+00:00,1,2026-02-11T13:00:00+00:00,42,0.9761670977634441,0.9370389815181526,1.0
12,2026-02-09T19:00:00+00:00,1,2026-02-11T14:00:00+00:00,43,0.9063555843745918,0.8672274681293003,0.9454837006198834
12,2026-02-09T19:00:00+00:00,1,2026-02-11T15:00:00+00:00,44,0.9498529056070187,0.9107247893617272,0.9889810218523103
12,2026-02-09T19:00:00+00:00,1,2026-02-11T16:00:00+00:00,45,0.7931853694658149,0.7540572532205233,0.8323134857111064
12,2026-02-09T19:00:00+00:00,1,2026-02-11T17:00:00+00:00,46,0.7103173236449869,0.6711892073996953,0.7494454398902785
12,2026-02-09T19:00:00+00:00,1,2026-02-11T18:00:00+00:00,47,0.5793885748960586,0.540260458650767,0.6185166911413501
12,2026-02-09T19:00:00+00:00,2,2026-02-09T19:00:00+00:00,0,0.010000079546339509,0.0,0.04544754684110851
12,2026-02-09T19:00:00+00:00,2,2026-02-09T20:00:00+00:00,1,0.015715321279081644,0.0,0.05116278857385064
12,2026-02-09T19:00:00+00:00,2,2026-02-09T21:00:00+00:00,2,0.02221741299507079,0.0,0.057664880289839786
12,2026-02-09T19:00:00+00:00,2,2026-02-09T22:00:00+00:00,3,0.04203351636351968,0.006586049068750682,0.07748098365828868
12,2026-02-09T19:00:00+00:00,2,2026-02-09T23:00:00+00:00,4,0.013552152951432611,0.0,0.04899962024620161
12,2026-02-09T19:00:00+00:00,2,2026-02-10T00:00:00+00:00,5,0.012543447750702045,0.0,0.04799091504547104
12,2026-02-09T19:00:00+00:00,2,2026-02-10T01:00:00+00:00,6,0.01027327476146396,0.0,0.04572074205623296
12,2026-02-09T19:00:00+00:00,2,2026-02-10T02:00:00+00:00,7,0.07816109228646098,0.042713624991691984,0.11360855958122998
12,2026-02-09T19:00:00+00:00,2,2026-02-10T03:00:00+00:00,8,0.43482017137697904,0.39937270408221004,0.47026763867174803
12,2026-02-09T19:00:00+00:00,2,2026-02-10T04:00:00+00:00,9,0.38158000948837967,0.34613254219361067,0.41702747678314867
12,2026-02-09T19:00:00+00:00,2,2026-02-10T05:00:00+00:00,10,0.11666259098805416,0.08121512369328517,0.15211005828282315
12,2026-02-09T19:00:00+00:00,2,2026-02-10T06:00:00+00:00,11,0.02490758974643203,0.0,0.06035505704120103
12,2026-02-09T19:00:00+00:00,2,2026-02-10T07:00:00+00:00,12,0.027848362696186398,0.0,0.0632958299909554
12,2026-02-09T19:00:00+00:00,2,2026-02-10T08:00:00+00:00,13,0.10374126582057111,0.06829379852580211,0.1391887331153401
12,2026-02-09T19:00:00+00:00,2,2026-02-10T09:00:00+00:00,14,0.20710040256957174,0.17165293527480274,0.24254786986434074
12,2026-02-09T19:00:00+00:00,2,2026-02-10T10:00:00+00:00,15,0.2029423354771001,0.1674948681823311,0.2383898027718691
12,2026-02-09T19:00:00+00:00,2,2026-02-10T11:00:00+00:00,16,0.19451433000743745,0.15906686271266846,0.22996179730220645
12,2026-02-09T19:00:00+00:00,2,2026-02-10T12:00:00+00:00,17,0.3018538238406652,0.26640635654589623,0.3373012911354342
12,2026-02-09T19:00:00+00:00,2,2026-02-10T13:00:00+00:00,18,0.06927965902535277,0.03383219173058377,0.10472712632012177
12,2026-02-09T19:00:00+00:00,2,2026-02-10T14:00:00+00:00,19,0.014426965715713997,0.0,0.04987443301048299
12,2026-02-09T19:00:00+00:00,2,2026-02-10T15:00:00+00:00,20,0.2506670705085336,0.2152196032137646,0.2861145378033026
12,2026-02-09T19:00:00+00:00,2,2026-02-10T16:00:00+00:00,21,0.5613762093499208,0.5259287420551518,0.5968236766446898
12,2026-02-09T19:00:00+00:00,2,2026-02-10T17:00:00+00:00,22,0.7858363813012881,0.7503889140065191,0.8212838485960571
12,2026-02-09T19:00:00+00:00,2,2026-02-10T18:00:00+00:00,23,0.9434573740604184,0.9080099067656494,0.9789048413551874
12,2026-02-09T19:00:00+00:00,2,2026-02-10T19:00:00+00:00,24,0.9338743437155954,0.8984268764208264,0.9693218110103644
12,2026-02-09T19:00:00+00:00,2,2026-02-10T20:00:00+00:00,25,0.7735098941830167,0.7380624268882477,0.8089573614777857
12,2026-02-09T19:00:00+00:00,2,2026-02-10T21:00:00+00:00,26,0.5096833029315504,0.4742358356367814,0.5451307702263194
12,2026-02-09T19:00:00+00:00,2,2026-02-10T22:00:00+00:00,27,0.42775106460292955,0.39230359730816056,0.46319853189769855
12,2026-02-09T19:00:00+00:00,2,2026-02-10T23:00:00+00:00,28,0.2128398033913554,0.1773923360965864,0.24828727068612438
12,2026-02-09T19:00:00+00:00,2,2026-02-11T00:00:00+00:00,29,0.10116923690697764,0.06572176961220864,0.13661670420174665
12,2026-02-09T19:00:00+00:00,2,2026-02-11T01:00:00+00:00,30,0.009992367862838358,0.0,0.045439835157607356
12,2026-02-09T19:00:00+00:00,2,2026-02-11T02:00:00+00:00,31,0.010000079546339509,0.0,0.04544754684110851
12,2026-02-09T19:00:00+00:00,2,2026-02-11T03:00:00+00:00,32,0.013599358215005608,0.0,0.04904682550977461
12,2026-02-09T19:00:00+00:00,2,2026-02-11T04:00:00+00:00,33,0.011309371191932207,0.0,0.0467568384867012
12,2026-02-09T19:00:00+00:00,2,2026-02-11T05:00:00+00:00,34,0.11306357014943988,0.07761610285467088,0.14851103744420888
12,2026-02-09T19:00:00+00:00,2,2026-02-11T06:00:00+00:00,35,0.06857022997818961,0.03312276268342061,0.1040176972729586
12,2026-02-09T19:00:00+00:00,2,2026-02-11T07:00:00+00:00,36,0.05382329309523818,0.018375825800469182,0.08927076039000717
12,2026-02-09T19:00:00+00:00,2,2026-02-11T08:00:00+00:00,37,0.010000079546339509,0.0,0.04544754684110851
12,2026-02-09T19:00:00+00:00,2,2026-02-11T09:00:00+00:00,38,0.4683343736171852,0.4328869063224162,0.5037818409119542
12,2026-02-09T19:00:00+00:00,2,2026-02-11T10:00:00+00:00,39,0.971586449090754,0.936138981795985,1.0
12,2026-02-09T19:00:00+00:00,2,2026-02-11T11:00:00+00:00,40,0.9736656599987805,0.9382181927040115,1.0
12,2026-02-09T19:00:00+00:00,2,2026-02-11T12:00:00+00:00,41,0.9699996621006299,0.9345521948058609,1.0
12,2026-02-09T19:00:00+00:00,2,2026-02-11T13:00:00+00:00,42,0.9601246560798897,0.9246771887851207,0.9955721233746587
12,2026-02-09T19:00:00+00:00,2,2026-02-11T14:00:00+00:00,43,0.8939818645237154,0.8585343972289464,0.9294293318184844
12,2026-02-09T19:00:00+00:00,2,2026-02-11T15:00:00+00:00,44,0.9451153308693296,0.9096678635745606,0.9805627981640986
12,2026-02-09T19:00:00+00:00,2,2026-02-11T16:00:00+00:00,45,0.7735098941830167,0.7380624268882477,0.8089573614777857
12,2026-02-09T19:00:00+00:00,2,2026-02-11T17:00:00+00:00,46,0.6767666310893787,0.6413191637946097,0.7122140983841477
12,2026-02-09T19:00:00+00:00,2,2026-02-11T18:00:00+00:00,47,0.5601391235198645,0.5246916562250955,0.5955865908146335
13,2026-02-10T19:00:00+00:00,1,2026-02-10T19:00:00+00:00,0,0.9899638883086559,0.9508357720633643,1.0
13,2026-02-10T19:00:00+00:00,1,2026-02-10T20:00:00+00:00,1,0.7934583548340058,0.7543302385887143,0.8325864710792974
13,2026-02-10T19:00:00+00:00,1,2026-02-10T21:00:00+00:00,2,0.44101486995458034,0.4018867537092887,0.48014298619987195
13,2026-02-10T19:00:00+00:00,1,2026-02-10T22:00:00+00:00,3,0.30028056669614245,0.2611524504508509,0.339408682941434
13,2026-02-10T19:00:00+00:00,1,2026-02-10T23:00:00+00:00,4,0.08880010053423348,0.0496719842889419,0.12792821677952507
13,2026-02-10T19:00:00+00:00,1,2026-02-11T00:00:00+00:00,5,0.016412140103366765,0.0,0.05554025634865835
13,2026-02-10T19:00:00+00:00,1,2026-02-11T01:00:00+00:00,6,0.010739575589702526,0.0,0.04986769183499411
13,2026-02-10T19:00:00+00:00,1,2026-02-11T02:00:00+00:00,7,0.011562998072277174,0.0,0.05069111431756876
13,2026-02-10T19:00:00+00:00,1,2026-02-11T03:00:00+00:00,8,0.28474978038928545,0.24562166414399386,0.323877896634577
13,2026-02-10T19:00:00+00:00,1,2026-02-11T04:00:00+00:00,9,0.010367944509101062,0.0,0.04949606075439265
13,2026-02-10T19:00:00+00:00,1,2026-02-11T05:00:00+00:00,10,0.021560101799187152,0.0,0.060688218044478735
13,2026-02-10T19:00:00+00:00,1,2026-02-11T06:00:00+00:00,11,0.01921149786582506,0.0,0.05833961411111664
13,2026-02-10T19:00:00+00:00,1,2026-02-11T07:00:00+00:00,12,0.013841810685379317,0.0,0.0529699269306709
13,2026-02-10T19:00:00+00:00,1,2026-02-11T08:00:00+00:00,13,0.009953238065530433,0.0,0.049081354310822015
13,2026-02-10T19:00:00+00:00,1,2026-02-11T09:00:00+00:00,14,0.33729510922619294,0.2981669929809013,0.37642322547148455
13,2026-02-10T19:00:00+00:00,1,2026-02-11T10:00:00+00:00,15,0.8679132583064806,0.828785142061189,0.9070413745517721
13,2026-02-10T19:00:00+00:00,1,2026-02-11T11:00:00+00:00,16,0.989028869448526,0.9499007532032344,1.0
13,2026-02-10T19:00:00+00:00,1,2026-02-11T12:00:00+00:00,17,0.9891990010835864,0.9500708848382948,1.0
13,2026-02-10T19:00:00+00:00,1,2026-02-11T13:00:00+00:00,18,0.9891731445572135,0.950045028311922,1.0
13,2026-02-10T19:00:00+00:00,1,2026-02-11T14:00:00+00:00,19,0.9875822577131755,0.948454141467884,1.0
13,2026-02-10T19:00:00+00:00,1,2026-02-11T15:00:00+00:00,20,0.8996629954943389,0.8605348792490474,0.9387911117396305
13,2026-02-10T19:00:00+00:00,1,2026-02-11T16:00:00+00:00,21,0.5593971943850613,0.5202690781397697,0.5985253106303529
13,2026-02-10T19:00:00+00:00,1,2026-02-11T17:00:00+00:00,22,0.5369084340337067,0.49778031778841514,0.5760365502789982
13,2026-02-10T19:00:00+00:00,1,2026-02-11T18:00:00+00:00,23,0.6060636615110326,0.5669355452657411,0.6451917777563242
13,2026-02-10T19:00:00+00:00,1,2026-02-11T19:00:00+00:00,24,0.5369084340337067,0.49778031778841514,0.5760365502789982
13,2026-02-10T19:00:00+00:00,1,2026-02-11T20:00:00+00:00,25,0.3884411140451684,0.3493129977998768,0.42756923029046
13,2026-02-10T19:00:00+00:00,1,2026-02-11T21:00:00+00:00,26,0.32836363437063876,0.2892355181253472,0.3674917506159303
13,2026-02-10T19:00:00+00:00,1,2026-02-11T22:00:00+00:00,27,0.2646575781007027,0.2255294618554111,0.30378569434599423
13,2026-02-10T19:00:00+00:00,1,2026-02-11T23:00:00+00:00,28,0.16143328570205315,0.12230516945676156,0.20056140194734473
13,2026-02-10T19:00:00+00:00,1,2026-02-12T00:00:00+00:00,29,0.12082861111335866,0.08170049486806708,0.15995672735865024
13,2026-02-10T19:00:00+00:00,1,2026-02-12T01:00:00+00:00,30,0.04090656430789814,0.0017784480626065538,0.08003468055318971
13,2026-02-10T19:00:00+00:00,1,2026-02-12T02:00:00+00:00,31,0.017666357607867618,0.0,0.0567944738531592
13,2026-02-10T19:00:00+00:00,1,2026-02-12T03:00:00+00:00,32,0.01015888835726902,0.0,0.0492870046025606
13,2026-02-10T19:00:00+00:00,1,2026-02-12T04:00:00+00:00,33,0.010000085102853464,0.0,0.04912820134814505
13,2026-02-10T19:00:00+00:00,1,2026-02-12T05:00:00+00:00,34,0.010000085102853464,0.0,0.04912820134814505
13,2026-02-10T19:00:00+00:00,1,2026-02-12T06:00:00+00:00,35,0.010130446105819346,0.0,0.04925856235111093
13,2026-02-10T19:00:00+00:00,1,2026-02-12T07:00:00+00:00,36,0.010000085102853464,0.0,0.04912820134814505
13,2026-02-10T19:00:00+00:00,1,2026-02-12T08:00:00+00:00,37,0.010000085102853464,0.0,0.04912820134814505
13,2026-02-10T19:00:00+00:00,1,2026-02-12T09:00:00+00:00,38,0.010000085102853464,0.0,0.04912820134814505
13,2026-02-10T19:00:00+00:00,1,2026-02-12T10:00:00+00:00,39,0.009985729822679744,0.0,0.049113846067971326
13,2026-02-10T19:00:00+00:00,1,2026-02-12T11:00:00+00:00,40,0.011262924837490957,0.0,0.05039104108278254
13,2026-02-10T19:00:00+00:00,1,2026-02-12T12:00:00+00:00,41,0.01733991212312297,0.0,0.05646802836841455
13,2026-02-10T19:00:00+00:00,1,2026-02-12T13:00:00+00:00,42,0.023908817633370313,0.0,0.0630369338786619
13,2026-02-10T19:00:00+00:00,1,2026-02-12T14:00:00+00:00,43,0.011691001397943592,0.0,0.05081911764323518
13,2026-02-10T19:00:00+00:00,1,2026-02-12T15:00:00+00:00,44,0.019574309543342897,0.0,0.05870242578863448
13,2026-02-10T19:00:00+00:00,1,2026-02-12T16:00:00+00:00,45,0.02152041883252699,0.0,0.060648535077818574
13,2026-02-10T19:00:00+00:00,1,2026-02-12T17:00:00+00:00,46,0.010733174667492068,0.0,0.04986129091278365
13,2026-02-10T19:00:00+00:00,1,2026-02-12T18:00:00+00:00,47,0.010922355681884979,0.0,0.050050471927176564
13,2026-02-10T19:00:00+00:00,2,2026-02-10T19:00:00+00:00,0,0.9761654231939008,0.9407179558991318,1.0
13,2026-02-10T19:00:00+00:00,2,2026-02-10T20:00:00+00:00,1,0.7858363813012881,0.7503889140065191,0.8212838485960571
13,2026-02-10T19:00:00+00:00,2,2026-02-10T21:00:00+00:00,2,0.39724414932544966,0.36179668203068066,0.43269161662021866
13,2026-02-10T19:00:00+00:00,2,2026-02-10T22:00:00+00:00,3,0.24942998467847724,0.21398251738370824,0.2848774519732462
13,2026-02-10T19:00:00+00:00,2,2026-02-10T23:00:00+00:00,4,0.06778498018796858,0.03233751289319958,0.10323244748273758
13,2026-02-10T19:00:00+00:00,2,2026-02-11T00:00:00+00:00,5,0.009515924967580887,0.0,0.04496339226234988
13,2026-02-10T19:00:00+00:00,2,2026-02-11T01:00:00+00:00,6,0.010025661697388062,0.0,0.04547312899215706
13,2026-02-10T19:00:00+00:00,2,2026-02-11T02:00:00+00:00,7,0.008963850027738961,0.0,0.04441131732250796
13,2026-02-10T19:00:00+00:00,2,2026-02-11T03:00:00+00:00,8,0.25851571258210415,0.22306824528733515,0.29396317987687315
13,2026-02-10T19:00:00+00:00,2,2026-02-11T04:00:00+00:00,9,0.010462478063743572,0.0,0.04590994535851257
13,2026-02-10T19:00:00+00:00,2,2026-02-11T05:00:00+00:00,10,0.018345113887056414,0.0,0.05379258118182541
13,2026-02-10T19:00:00+00:00,2,2026-02-11T06:00:00+00:00,11,0.01718538209267489,0.0,0.05263284938744389
13,2026-02-10T19:00:00+00:00,2,2026-02-11T07:00:00+00:00,12,0.014835414232193667,0.0,0.05028288152696266
13,2026-02-10T19:00:00+00:00,2,2026-02-11T08:00:00+00:00,13,0.010171926090798342,0.0,0.045619393385567336
13,2026-02-10T19:00:00+00:00,2,2026-02-11T09:00:00+00:00,14,0.3340969885112598,0.2986495212164908,0.3695444558060288
13,2026-02-10T19:00:00+00:00,2,2026-02-11T10:00:00+00:00,15,0.8571371901188454,0.8216897228240764,0.8925846574136144
13,2026-02-10T19:00:00+00:00,2,2026-02-11T11:00:00+00:00,16,0.9715476586920506,0.9361001913972816,1.0
13,2026-02-10T19:00:00+00:00,2,2026-02-11T12:00:00+00:00,17,0.9741107943560905,0.9386633270613215,1.0
13,2026-02-10T19:00:00+00:00,2,2026-02-11T13:00:00+00:00,18,0.9723084985153962,0.9368610312206272,1.0
13,2026-02-10T19:00:00+00:00,2,2026-02-11T14:00:00+00:00,19,0.9699162994618269,0.9344688321670579,1.0
13,2026-02-10T19:00:00+00:00,2,2026-02-11T15:00:00+00:00,20,0.885578482170295,0.850131014875526,0.921025949465064
13,2026-02-10T19:00:00+00:00,2,2026-02-11T16:00:00+00:00,21,0.5390521148709047,0.5036046475761357,0.5744995821656737
13,2026-02-10T19:00:00+00:00,2,2026-02-11T17:00:00+00:00,22,0.5140995136764412,0.47865204638167225,0.5495469809712102
13,2026-02-10T19:00:00+00:00,2,2026-02-11T18:00:00+00:00,23,0.5811869282223905,0.5457394609276215,0.6166343955171595
13,2026-02-10T19:00:00+00:00,2,2026-02-11T19:00:00+00:00,24,0.5140995136764412,0.47865204638167225,0.5495469809712102
13,2026-02-10T19:00:00+00:00,2,2026-02-11T20:00:00+00:00,25,0.36765436704045484,0.33220689974568585,0.40310183433522384
13,2026-02-10T19:00:00+00:00,2,2026-02-11T21:00:00+00:00,26,0.2825858239575529,0.2471383566627839,0.3180332912523219
13,2026-02-10T19:00:00+00:00,2,2026-02-11T22:00:00+00:00,27,0.240493920212761,0.205046452917992,0.27594138750753
13,2026-02-10T19:00:00+00:00,2,2026-02-11T23:00:00+00:00,28,0.15826755422777772,0.12282008693300872,0.19371502152254672
13,2026-02-10T19:00:00+00:00,2,2026-02-12T00:00:00+00:00,29,0.10489507588012341,0.06944760858535441,0.14034254317489242
13,2026-02-10T19:00:00+00:00,2,2026-02-12T01:00:00+00:00,30,0.036221983102461795,0.000774515807692798,0.0716694503972308
13,2026-02-10T19:00:00+00:00,2,2026-02-12T02:00:00+00:00,31,0.013552152951432611,0.0,0.04899962024620161
13,2026-02-10T19:00:00+00:00,2,2026-02-12T03:00:00+00:00,32,0.009902651069165023,0.0,0.04535011836393402
13,2026-02-10T19:00:00+00:00,2,2026-02-12T04:00:00+00:00,33,0.010000079546339509,0.0,0.04544754684110851
13,2026-02-10T19:00:00+00:00,2,2026-02-12T05:00:00+00:00,34,0.009992367862838358,0.0,0.045439835157607356
13,2026-02-10T19:00:00+00:00,2,2026-02-12T06:00:00+00:00,35,0.010170840706588802,0.0,0.0456183080013578
13,2026-02-10T19:00:00+00:00,2,2026-02-12T07:00:00+00:00,36,0.010000079546339509,0.0,0.04544754684110851
13,2026-02-10T19:00:00+00:00,2,2026-02-12T08:00:00+00:00,37,0.010000079546339509,0.0,0.04544754684110851
13,2026-02-10T19:00:00+00:00,2,2026-02-12T09:00:00+00:00,38,0.010000079546339509,0.0,0.04544754684110851
13,2026-02-10T19:00:00+00:00,2,2026-02-12T10:00:00+00:00,39,0.010049061162113328,0.0,0.045496528456882325
13,2026-02-10T19:00:00+00:00,2,2026-02-12T11:00:00+00:00,40,0.011320857038600246,0.0,0.04676832433336924
13,2026-02-10T19:00:00+00:00,2,2026-02-12T12:00:00+00:00,41,0.013552152951432611,0.0,0.04899962024620161
13,2026-02-10T19:00:00+00:00,2,2026-02-12T13:00:00+00:00,42,0.020848963553562583,0.0,0.05629643084833158
13,2026-02-10T19:00:00+00:00,2,2026-02-12T14:00:00+00:00,43,0.00985003737857794,0.0,0.045297504673346936
13,2026-02-10T19:00:00+00:00,2,2026-02-12T15:00:00+00:00,44,0.014541677055827611,0.0,0.04998914435059661
13,2026-02-10T19:00:00+00:00,2,2026-02-12T16:00:00+00:00,45,0.015715321279081644,0.0,0.05116278857385064
13,2026-02-10T19:00:00+00:00,2,2026-02-12T17:00:00+00:00,46,0.009335782628852063,0.0,0.04478324992362106
13,2026-02-10T19:00:00+00:00,2,2026-02-12T18:00:00+00:00,47,0.009348168156965838,0.0,0.04479563545173484
14,2026-02-11T19:00:00+00:00,1,2026-02-11T19:00:00+00:00,0,0.48925038821135763,0.450122271966066,0.5283785044566492
14,2026-02-11T19:00:00+00:00,1,2026-02-11T20:00:00+00:00,1,0.3618851140451684,0.32275699779987677,0.40101323029046
14,2026-02-11T19:00:00+00:00,1,2026-02-11T21:00:00+00:00,2,0.24079917498086365,0.20167105873557206,0.27992729122615523
14,2026-02-11T19:00:00+00:00,1,2026-02-11T22:00:00+00:00,3,0.15368591086191077,0.11455779461661919,0.19281402710720236
14,2026-02-11T19:00:00+00:00,1,2026-02-11T23:00:00+00:00,4,0.1342921369808255,0.09516402073553393,0.1734202532261171
14,2026-02-11T19:00:00+00:00,1,2026-02-12T00:00:00+00:00,5,0.04090656430789814,0.0017784480626065538,0.08003468055318971
14,2026-02-11T19:00:00+00:00,1,2026-02-12T01:00:00+00:00,6,0.010246674233232033,0.0,0.04937479047852362
14,2026-02-11T19:00:00+00:00,1,2026-02-12T02:00:00+00:00,7,0.011781650338399017,0.0,0.0509097665836906
14,2026-02-11T19:00:00+00:00,1,2026-02-12T03:00:00+00:00,8,0.011182787432857244,0.0,0.050310903678148826
14,2026-02-11T19:00:00+00:00,1,2026-02-12T04:00:00+00:00,9,0.009861161104344861,0.0,0.04898927734963644
14,2026-02-11T19:00:00+00:00,1,2026-02-12T05:00:00+00:00,10,0.011194399861928573,0.0,0.050322516107220154
14,2026-02-11T19:00:00+00:00,1,2026-02-12T06:00:00+00:00,11,0.010000085102853464,0.0,0.04912820134814505
14,2026-02-11T19:00:00+00:00,1,2026-02-12T07:00:00+00:00,12,0.010341250322215194,0.0,0.04946936656750678
14,2026-02-11T19:00:00+00:00,1,2026-02-12T08:00:00+00:00,13,0.010341250322215194,0.0,0.04946936656750678
14,2026-02-11T19:00:00+00:00,1,2026-02-12T09:00:00+00:00,14,0.00991028453256132,0.0,0.0490384007778529
14,2026-02-11T19:00:00+00:00,1,2026-02-12T10:00:00+00:00,15,0.010000085102853464,0.0,0.04912820134814505
14,2026-02-11T19:00:00+00:00,1,2026-02-12T11:00:00+00:00,16,0.010000085102853464,0.0,0.04912820134814505
14,2026-02-11T19:00:00+00:00,1,2026-02-12T12:00:00+00:00,17,0.06333466874164105,0.024206552496349468,0.10246278498693263
14,2026-02-11T19:00:00+00:00,1,2026-02-12T13:00:00+00:00,18,0.11219985785789112,0.07307174161259954,0.15132797410318272
14,2026-02-11T19:00:00+00:00,1,2026-02-12T14:00:00+00:00,19,0.08570898335691862,0.04658086711162704,0.1248370996022102
14,2026-02-11T19:00:00+00:00,1,2026-02-12T15:00:00+00:00,20,0.08548629901466352,0.04635818276937194,0.1246144152599551
14,2026-02-11T19:00:00+00:00,1,2026-02-12T16:00:00+00:00,21,0.0251524865362645,0.0,0.06428060278155609
14,2026-02-11T19:00:00+00:00,1,2026-02-12T17:00:00+00:00,22,0.016677952944579348,0.0,0.05580606918987093
14,2026-02-11T19:00:00+00:00,1,2026-02-12T18:00:00+00:00,23,0.010000085102853464,0.0,0.04912820134814505
14,2026-02-11T19:00:00+00:00,1,2026-02-12T19:00:00+00:00,24,0.012629809756283314,0.0,0.051757926001574896
14,2026-02-11T19:00:00+00:00,1,2026-02-12T20:00:00+00:00,25,0.009906281603249653,0.0,0.04903439784854124
14,2026-02-11T19:00:00+00:00,1,2026-02-12T21:00:00+00:00,26,0.010000085102853464,0.0,0.04912820134814505
14,2026-02-11T19:00:00+00:00,1,2026-02-12T22:00:00+00:00,27,0.010000085102853464,0.0,0.04912820134814505
14,2026-02-11T19:00:00+00:00,1,2026-02-12T23:00:00+00:00,28,0.010034528091176373,0.0,0.049162644336467956
14,2026-02-11T19:00:00+00:00,1,2026-02-13T00:00:00+00:00,29,0.010915740022104164,0.0,0.05004385626739575
14,2026-02-11T19:00:00+00:00,1,2026-02-13T01:00:00+00:00,30,0.02151438474859984,0.0,0.06064250099389142
14,2026-02-11T19:00:00+00:00,1,2026-02-13T02:00:00+00:00,31,0.024522163179674726,0.0,0.06365027942496632
14,2026-02-11T19:00:00+00:00,1,2026-02-13T03:00:00+00:00,32,0.010826668571271037,0.0,0.04995478481656262
14,2026-02-11T19:00:00+00:00,1,2026-02-13T04:00:00+00:00,33,0.009378016169364381,0.0,0.04850613241465596
14,2026-02-11T19:00:00+00:00,1,2026-02-13T05:00:00+00:00,34,0.009000117602165672,0.0,0.04812823384745726
14,2026-02-11T19:00:00+00:00,1,2026-02-13T06:00:00+00:00,35,0.009021150124078928,0.0,0.04814926636937051
14,2026-02-11T19:00:00+00:00,1,2026-02-13T07:00:00+00:00,36,0.010000085102853464,0.0,0.04912820134814505
14,2026-02-11T19:00:00+00:00,1,2026-02-13T08:00:00+00:00,37,0.010000085102853464,0.0,0.04912820134814505
14,2026-02-11T19:00:00+00:00,1,2026-02-13T09:00:00+00:00,38,0.010000085102853464,0.0,0.04912820134814505
14,2026-02-11T19:00:00+00:00,1,2026-02-13T10:00:00+00:00,39,0.010000085102853464,0.0,0.04912820134814505
14,2026-02-11T19:00:00+00:00,1,2026-02-13T11:00:00+00:00,40,0.01005136650704296,0.0,0.049179482752334545
14,2026-02-11T19:00:00+00:00,1,2026-02-13T12:00:00+00:00,41,0.011058539079011017,0.0,0.0501866553243026
14,2026-02-11T19:00:00+00:00,1,2026-02-13T13:00:00+00:00,42,0.02473671933628254,0.0,0.06386483558157413
14,2026-02-11T19:00:00+00:00,1,2026-02-13T14:00:00+00:00,43,0.06303595652718223,0.02390784028189065,0.10216407277247382
14,2026-02-11T19:00:00+00:00,1,2026-02-13T15:00:00+00:00,44,0.1283394476717409,0.08921133142644933,0.1674675639170325
14,2026-02-11T19:00:00+00:00,1,2026-02-13T16:00:00+00:00,45,0.226245900186678,0.18711778394138642,0.26537401643196956
14,2026-02-11T19:00:00+00:00,1,2026-02-13T17:00:00+00:00,46,0.31218511504274354,0.27305699879745193,0.35131323128803515
14,2026-02-11T19:00:00+00:00,1,2026-02-13T18:00:00+00:00,47,0.3395851150427435,0.3004569987974519,0.37871323128803513
14,2026-02-11T19:00:00+00:00,2,2026-02-11T19:00:00+00:00,0,0.4586111511213694,0.4231636838266004,0.4940586184161384
14,2026-02-11T19:00:00+00:00,2,2026-02-11T20:00:00+00:00,1,0.36694722045295386,0.33149975315818486,0.40239468774772286
14,2026-02-11T19:00:00+00:00,2,2026-02-11T21:00:00+00:00,2,0.21835988543970636,0.18291241814493736,0.25380735273447536
14,2026-02-11T19:00:00+00:00,2,2026-02-11T22:00:00+00:00,3,0.15110145214037857,0.11565398484560957,0.18654891943514756
14,2026-02-11T19:00:00+00:00,2,2026-02-11T23:00:00+00:00,4,0.13812618114220648,0.10267871384743749,0.17357364843697548
14,2026-02-11T19:00:00+00:00,2,2026-02-12T00:00:00+00:00,5,0.036221983102461795,0.000774515807692798,0.0716694503972308
14,2026-02-11T19:00:00+00:00,2,2026-02-12T01:00:00+00:00,6,0.010210087643226538,0.0,0.04565755493799553
14,2026-02-11T19:00:00+00:00,2,2026-02-12T02:00:00+00:00,7,0.00921053262989199,0.0,0.04465799992466099
14,2026-02-11T19:00:00+00:00,2,2026-02-12T03:00:00+00:00,8,0.00921053262989199,0.0,0.04465799992466099
14,2026-02-11T19:00:00+00:00,2,2026-02-12T04:00:00+00:00,9,0.009964969418664184,0.0,0.04541243671343318
14,2026-02-11T19:00:00+00:00,2,2026-02-12T05:00:00+00:00,10,0.009348168156965838,0.0,0.04479563545173484
14,2026-02-11T19:00:00+00:00,2,2026-02-12T06:00:00+00:00,11,0.010000079546339509,0.0,0.04544754684110851
14,2026-02-11T19:00:00+00:00,2,2026-02-12T07:00:00+00:00,12,0.010410977427590047,0.0,0.045858444722359046
14,2026-02-11T19:00:00+00:00,2,2026-02-12T08:00:00+00:00,13,0.010410977427590047,0.0,0.045858444722359046
14,2026-02-11T19:00:00+00:00,2,2026-02-12T09:00:00+00:00,14,0.009977039925874575,0.0,0.045424507220643576
14,2026-02-11T19:00:00+00:00,2,2026-02-12T10:00:00+00:00,15,0.010000079546339509,0.0,0.04544754684110851
14,2026-02-11T19:00:00+00:00,2,2026-02-12T11:00:00+00:00,16,0.010000079546339509,0.0,0.04544754684110851
14,2026-02-11T19:00:00+00:00,2,2026-02-12T12:00:00+00:00,17,0.04850211840244608,0.013054651107677083,0.08394958569721508
14,2026-02-11T19:00:00+00:00,2,2026-02-12T13:00:00+00:00,18,0.09870540721612393,0.06325793992135494,0.13415287451089292
14,2026-02-11T19:00:00+00:00,2,2026-02-12T14:00:00+00:00,19,0.06778498018796858,0.03233751289319958,0.10323244748273758
14,2026-02-11T19:00:00+00:00,2,2026-02-12T15:00:00+00:00,20,0.08108314658796861,0.045635679293199616,0.11653061388273761
14,2026-02-11T19:00:00+00:00,2,2026-02-12T16:00:00+00:00,21,0.02233608565457884,0.0,0.05778355294934784
14,2026-02-11T19:00:00+00:00,2,2026-02-12T17:00:00+00:00,22,0.011399442932592842,0.0,0.04684691022736184
14,2026-02-11T19:00:00+00:00,2,2026-02-12T18:00:00+00:00,23,0.010000079546339509,0.0,0.04544754684110851
14,2026-02-11T19:00:00+00:00,2,2026-02-12T19:00:00+00:00,24,0.00927379784412562,0.0,0.044721265138894614
14,2026-02-11T19:00:00+00:00,2,2026-02-12T20:00:00+00:00,25,0.008482651925589746,0.0,0.04393011922035874
14,2026-02-11T19:00:00+00:00,2,2026-02-12T21:00:00+00:00,26,0.010000079546339509,0.0,0.04544754684110851
14,2026-02-11T19:00:00+00:00,2,2026-02-12T22:00:00+00:00,27,0.010000079546339509,0.0,0.04544754684110851
14,2026-02-11T19:00:00+00:00,2,2026-02-12T23:00:00+00:00,28,0.009977039925874575,0.0,0.045424507220643576
14,2026-02-11T19:00:00+00:00,2,2026-02-13T00:00:00+00:00,29,0.008544737483274849,0.0,0.043992204778043845
14,2026-02-11T19:00:00+00:00,2,2026-02-13T01:00:00+00:00,30,0.01513908174462931,0.0,0.050586549039398306
14,2026-02-11T19:00:00+00:00,2,2026-02-13T02:00:00+00:00,31,0.02357862108918688,0.0,0.05902608838395588
14,2026-02-11T19:00:00+00:00,2,2026-02-13T03:00:00+00:00,32,0.00853144956163761,0.0,0.043978916856406605
14,2026-02-11T19:00:00+00:00,2,2026-02-13T04:00:00+00:00,33,0.009449422162935742,0.0,0.04489688945770474
14,2026-02-11T19:00:00+00:00,2,2026-02-13T05:00:00+00:00,34,0.008697127943535448,0.0,0.04414459523830445
14,2026-02-11T19:00:00+00:00,2,2026-02-13T06:00:00+00:00,35,0.010025661697388062,0.0,0.04547312899215706
14,2026-02-11T19:00:00+00:00,2,2026-02-13T07:00:00+00:00,36,0.010000079546339509,0.0,0.04544754684110851
14,2026-02-11T19:00:00+00:00,2,2026-02-13T08:00:00+00:00,37,0.009992367862838358,0.0,0.045439835157607356
14,2026-02-11T19:00:00+00:00,2,2026-02-13T09:00:00+00:00,38,0.009992367862838358,0.0,0.045439835157607356
14,2026-02-11T19:00:00+00:00,2,2026-02-13T10:00:00+00:00,39,0.010000079546339509,0.0,0.04544754684110851
14,2026-02-11T19:00:00+00:00,2,2026-02-13T11:00:00+00:00,40,0.010210087643226538,0.0,0.04565755493799553
14,2026-02-11T19:00:00+00:00,2,2026-02-13T12:00:00+00:00,41,0.00921053262989199,0.0,0.04465799992466099
14,2026-02-11T19:00:00+00:00,2,2026-02-13T13:00:00+00:00,42,0.021641173460618467,0.0,0.057088640755387464
14,2026-02-11T19:00:00+00:00,2,2026-02-13T14:00:00+00:00,43,0.05684729614159301,0.02139982884682401,0.092294763436362
14,2026-02-11T19:00:00+00:00,2,2026-02-13T15:00:00+00:00,44,0.1320650377837569,0.09661757048898789,0.1675125050785259
14,2026-02-11T19:00:00+00:00,2,2026-02-13T16:00:00+00:00,45,0.21726114214530784,0.18181367485053884,0.25270860944007684
14,2026-02-11T19:00:00+00:00,2,2026-02-13T17:00:00+00:00,46,0.3033190003179822,0.2678715330232132,0.3387664676127512
14,2026-02-11T19:00:00+00:00,2,2026-02-13T18:00:00+00:00,47,0.3327190003179822,0.2972715330232132,0.3681664676127512
15,2026-02-12T19:00:00+00:00,1,2026-02-12T19:00:00+00:00,0,0.010000085102853464,0.0,0.04912820134814505
15,2026-02-12T19:00:00+00:00,1,2026-02-12T20:00:00+00:00,1,0.010000085102853464,0.0,0.04912820134814505
15,2026-02-12T19:00:00+00:00,1,2026-02-12T21:00:00+00:00,2,0.010000085102853464,0.0,0.04912820134814505
15,2026-02-12T19:00:00+00:00,1,2026-02-12T22:00:00+00:00,3,0.010000085102853464,0.0,0.04912820134814505
15,2026-02-12T19:00:00+00:00,1,2026-02-12T23:00:00+00:00,4,0.010000085102853464,0.0,0.04912820134814505
15,2026-02-12T19:00:00+00:00,1,2026-02-13T00:00:00+00:00,5,0.010000085102853464,0.0,0.04912820134814505
15,2026-02-12T19:00:00+00:00,1,2026-02-13T01:00:00+00:00,6,0.010246674233232033,0.0,0.04937479047852362
15,2026-02-12T19:00:00+00:00,1,2026-02-13T02:00:00+00:00,7,0.01010124301753742,0.0,0.049229359262829
15,2026-02-12T19:00:00+00:00,1,2026-02-13T03:00:00+00:00,8,0.010000085102853464,0.0,0.04912820134814505
15,2026-02-12T19:00:00+00:00,1,2026-02-13T04:00:00+00:00,9,0.010000085102853464,0.0,0.04912820134814505
15,2026-02-12T19:00:00+00:00,1,2026-02-13T05:00:00+00:00,10,0.010000085102853464,0.0,0.04912820134814505
15,2026-02-12T19:00:00+00:00,1,2026-02-13T06:00:00+00:00,11,0.010000085102853464,0.0,0.04912820134814505
15,2026-02-12T19:00:00+00:00,1,2026-02-13T07:00:00+00:00,12,0.010000085102853464,0.0,0.04912820134814505
15,2026-02-12T19:00:00+00:00,1,2026-02-13T08:00:00+00:00,13,0.017589513212279063,0.0,0.05671762945757065
15,2026-02-12T19:00:00+00:00,1,2026-02-13T09:00:00+00:00,14,0.015689156651839814,0.0,0.0548172728971314
15,2026-02-12T19:00:00+00:00,1,2026-02-13T10:00:00+00:00,15,0.011669206712867869,0.0,0.050797322958159453
15,2026-02-12T19:00:00+00:00,1,2026-02-13T11:00:00+00:00,16,0.011669206712867869,0.0,0.050797322958159453
15,2026-02-12T19:00:00+00:00,1,2026-02-13T12:00:00+00:00,17,0.020069599431162793,0.0,0.05919771567645438
15,2026-02-12T19:00:00+00:00,1,2026-02-13T13:00:00+00:00,18,0.04157584939935231,0.00244773315406073,0.0807039656446439
15,2026-02-12T19:00:00+00:00,1,2026-02-13T14:00:00+00:00,19,0.10523318806169538,0.0661050718164038,0.14436130430698696
15,2026-02-12T19:00:00+00:00,1,2026-02-13T15:00:00+00:00,20,0.12880611746793674,0.08967800122264516,0.16793423371322833
15,2026-02-12T19:00:00+00:00,1,2026-02-13T16:00:00+00:00,21,0.28562842229440544,0.24650030604911385,0.324756538539697
15,2026-02-12T19:00:00+00:00,1,2026-02-13T17:00:00+00:00,22,0.2726604435083575,0.23353232726306591,0.31178855975364905
15,2026-02-12T19:00:00+00:00,1,2026-02-13T18:00:00+00:00,23,0.24067952704260637,0.20155141079731478,0.279807643287898
15,2026-02-12T19:00:00+00:00,1,2026-02-13T19:00:00+00:00,24,0.31467060224267457,0.27554248599738296,0.3537987184879662
15,2026-02-12T19:00:00+00:00,1,2026-02-13T20:00:00+00:00,25,0.48314265808900186,0.44401454184371025,0.5222707743342935
15,2026-02-12T19:00:00+00:00,1,2026-02-13T21:00:00+00:00,26,0.42547772405630485,0.38634960781101324,0.46460584030159646
15,2026-02-12T19:00:00+00:00,1,2026-02-13T22:00:00+00:00,27,0.4262544323866117,0.3871263161413201,0.4653825486319033
15,2026-02-12T19:00:00+00:00,1,2026-02-13T23:00:00+00:00,28,0.3201347875633222,0.2810066713180306,0.3592629038086138
15,2026-02-12T19:00:00+00:00,1,2026-02-14T00:00:00+00:00,29,0.31224187315964047,0.2731137569143489,0.351369989404932
15,2026-02-12T19:00:00+00:00,1,2026-02-14T01:00:00+00:00,30,0.07790541055231788,0.0387772943070263,0.11703352679760946
15,2026-02-12T19:00:00+00:00,1,2026-02-14T02:00:00+00:00,31,0.012342309454137243,0.0,0.05147042569942883
15,2026-02-12T19:00:00+00:00,1,2026-02-14T03:00:00+00:00,32,0.010007331369086289,0.0,0.049135447614377874
15,2026-02-12T19:00:00+00:00,1,2026-02-14T04:00:00+00:00,33,0.010000085102853464,0.0,0.04912820134814505
15,2026-02-12T19:00:00+00:00,1,2026-02-14T05:00:00+00:00,34,0.010000085102853464,0.0,0.04912820134814505
15,2026-02-12T19:00:00+00:00,1,2026-02-14T06:00:00+00:00,35,0.010000085102853464,0.0,0.04912820134814505
15,2026-02-12T19:00:00+00:00,1,2026-02-14T07:00:00+00:00,36,0.010000085102853464,0.0,0.04912820134814505
15,2026-02-12T19:00:00+00:00,1,2026-02-14T08:00:00+00:00,37,0.015332285784753272,0.0,0.054460402030044854
15,2026-02-12T19:00:00+00:00,1,2026-02-14T09:00:00+00:00,38,0.03230403446446868,0.0,0.07143215070976026
15,2026-02-12T19:00:00+00:00,1,2026-02-14T10:00:00+00:00,39,0.01631955993084218,0.0,0.05544767617613376
15,2026-02-12T19:00:00+00:00,1,2026-02-14T11:00:00+00:00,40,0.020895390578857788,0.0,0.06002350682414937
15,2026-02-12T19:00:00+00:00,1,2026-02-14T12:00:00+00:00,41,0.05312707102563146,0.013998954780339877,0.09225518727092305
15,2026-02-12T19:00:00+00:00,1,2026-02-14T13:00:00+00:00,42,0.07486240271720715,0.035734286471915566,0.11399051896249873
15,2026-02-12T19:00:00+00:00,1,2026-02-14T14:00:00+00:00,43,0.05364134546842256,0.014513229223130975,0.09276946171371414
15,2026-02-12T19:00:00+00:00,1,2026-02-14T15:00:00+00:00,44,0.04927619771696952,0.010148081471677936,0.0884043139622611
15,2026-02-12T19:00:00+00:00,1,2026-02-14T16:00:00+00:00,45,0.10070439989092975,0.061576283645638163,0.13983251613622133
15,2026-02-12T19:00:00+00:00,1,2026-02-14T17:00:00+00:00,46,0.09154803690971326,0.05241992066442168,0.13067615315500486
15,2026-02-12T19:00:00+00:00,1,2026-02-14T18:00:00+00:00,47,0.08856442174093566,0.04943630549564408,0.12769253798622726
15,2026-02-12T19:00:00+00:00,2,2026-02-12T19:00:00+00:00,0,0.010000079546339509,0.0,0.04544754684110851
15,2026-02-12T19:00:00+00:00,2,2026-02-12T20:00:00+00:00,1,0.010000079546339509,0.0,0.04544754684110851
15,2026-02-12T19:00:00+00:00,2,2026-02-12T21:00:00+00:00,2,0.010000079546339509,0.0,0.04544754684110851
15,2026-02-12T19:00:00+00:00,2,2026-02-12T22:00:00+00:00,3,0.010000079546339509,0.0,0.04544754684110851
15,2026-02-12T19:00:00+00:00,2,2026-02-12T23:00:00+00:00,4,0.010000079546339509,0.0,0.04544754684110851
15,2026-02-12T19:00:00+00:00,2,2026-02-13T00:00:00+00:00,5,0.010000079546339509,0.0,0.04544754684110851
15,2026-02-12T19:00:00+00:00,2,2026-02-13T01:00:00+00:00,6,0.009902651069165023,0.0,0.04535011836393402
15,2026-02-12T19:00:00+00:00,2,2026-02-13T02:00:00+00:00,7,0.009915875124255864,0.0,0.04536334241902486
15,2026-02-12T19:00:00+00:00,2,2026-02-13T03:00:00+00:00,8,0.010000079546339509,0.0,0.04544754684110851
15,2026-02-12T19:00:00+00:00,2,2026-02-13T04:00:00+00:00,9,0.010000079546339509,0.0,0.04544754684110851
15,2026-02-12T19:00:00+00:00,2,2026-02-13T05:00:00+00:00,10,0.010000079546339509,0.0,0.04544754684110851
15,2026-02-12T19:00:00+00:00,2,2026-02-13T06:00:00+00:00,11,0.010000079546339509,0.0,0.04544754684110851
15,2026-02-12T19:00:00+00:00,2,2026-02-13T07:00:00+00:00,12,0.010000079546339509,0.0,0.04544754684110851
15,2026-02-12T19:00:00+00:00,2,2026-02-13T08:00:00+00:00,13,0.016579675734553777,0.0,0.05202714302932278
15,2026-02-12T19:00:00+00:00,2,2026-02-13T09:00:00+00:00,14,0.01516019185730454,0.0,0.050607659152073534
15,2026-02-12T19:00:00+00:00,2,2026-02-13T10:00:00+00:00,15,0.010869893419083756,0.0,0.04631736071385276
15,2026-02-12T19:00:00+00:00,2,2026-02-13T11:00:00+00:00,16,0.011407476203770238,0.0,0.046854943498539234
15,2026-02-12T19:00:00+00:00,2,2026-02-13T12:00:00+00:00,17,0.013552152951432611,0.0,0.04899962024620161
15,2026-02-12T19:00:00+00:00,2,2026-02-13T13:00:00+00:00,18,0.037035631619525895,0.001588164324756898,0.07248309891429489
15,2026-02-12T19:00:00+00:00,2,2026-02-13T14:00:00+00:00,19,0.09636628222359138,0.06091881492882238,0.1318137495183604
15,2026-02-12T19:00:00+00:00,2,2026-02-13T15:00:00+00:00,20,0.12143301853559663,0.08598555124082763,0.15688048583036562
15,2026-02-12T19:00:00+00:00,2,2026-02-13T16:00:00+00:00,21,0.24313412804385184,0.20768666074908285,0.2785815953386208
15,2026-02-12T19:00:00+00:00,2,2026-02-13T17:00:00+00:00,22,0.2487228380909762,0.2132753707962072,0.28417030538574517
15,2026-02-12T19:00:00+00:00,2,2026-02-13T18:00:00+00:00,23,0.22520694346814724,0.18975947617337824,0.26065441076291623
15,2026-02-12T19:00:00+00:00,2,2026-02-13T19:00:00+00:00,24,0.30609343762239744,0.27064597032762844,0.34154090491716643
15,2026-02-12T19:00:00+00:00,2,2026-02-13T20:00:00+00:00,25,0.4506978298677189,0.4152503625729499,0.4861452971624879
15,2026-02-12T19:00:00+00:00,2,2026-02-13T21:00:00+00:00,26,0.39387382007239263,0.35842635277762364,0.42932128736716163
15,2026-02-12T19:00:00+00:00,2,2026-02-13T22:00:00+00:00,27,0.39215176299029425,0.35670429569552525,0.42759923028506325
15,2026-02-12T19:00:00+00:00,2,2026-02-13T23:00:00+00:00,28,0.30609343762239744,0.27064597032762844,0.34154090491716643
15,2026-02-12T19:00:00+00:00,2,2026-02-14T00:00:00+00:00,29,0.27419343762239745,0.23874597032762845,0.30964090491716645
15,2026-02-12T19:00:00+00:00,2,2026-02-14T01:00:00+00:00,30,0.06174930844158458,0.02630184114681558,0.09719677573635357
15,2026-02-12T19:00:00+00:00,2,2026-02-14T02:00:00+00:00,31,0.00912097701772717,0.0,0.04456844431249617
15,2026-02-12T19:00:00+00:00,2,2026-02-14T03:00:00+00:00,32,0.009348168156965838,0.0,0.04479563545173484
15,2026-02-12T19:00:00+00:00,2,2026-02-14T04:00:00+00:00,33,0.010000079546339509,0.0,0.04544754684110851
15,2026-02-12T19:00:00+00:00,2,2026-02-14T05:00:00+00:00,34,0.010000079546339509,0.0,0.04544754684110851
15,2026-02-12T19:00:00+00:00,2,2026-02-14T06:00:00+00:00,35,0.010000079546339509,0.0,0.04544754684110851
15,2026-02-12T19:00:00+00:00,2,2026-02-14T07:00:00+00:00,36,0.010000079546339509,0.0,0.04544754684110851
15,2026-02-12T19:00:00+00:00,2,2026-02-14T08:00:00+00:00,37,0.013712284364646965,0.0,0.04915975165941596
15,2026-02-12T19:00:00+00:00,2,2026-02-14T09:00:00+00:00,38,0.028087354838781924,0.0,0.06353482213355093
15,2026-02-12T19:00:00+00:00,2,2026-02-14T10:00:00+00:00,39,0.01516019185730454,0.0,0.050607659152073534
15,2026-02-12T19:00:00+00:00,2,2026-02-14T11:00:00+00:00,40,0.019476070203793345,0.0,0.05492353749856234
15,2026-02-12T19:00:00+00:00,2,2026-02-14T12:00:00+00:00,41,0.0453212957144925,0.0098738284197235,0.0807687630092615
15,2026-02-12T19:00:00+00:00,2,2026-02-14T13:00:00+00:00,42,0.06655193372209645,0.03110446642732745,0.10199940101686544
15,2026-02-12T19:00:00+00:00,2,2026-02-14T14:00:00+00:00,43,0.04521433905147326,0.009766871756704265,0.08066180634624226
15,2026-02-12T19:00:00+00:00,2,2026-02-14T15:00:00+00:00,44,0.04521433905147326,0.009766871756704265,0.08066180634624226
15,2026-02-12T19:00:00+00:00,2,2026-02-14T16:00:00+00:00,45,0.08876653345683559,0.053319066162066595,0.12421400075160459
15,2026-02-12T19:00:00+00:00,2,2026-02-14T17:00:00+00:00,46,0.07476215467676686,0.039314687381997865,0.11020962197153586
15,2026-02-12T19:00:00+00:00,2,2026-02-14T18:00:00+00:00,47,0.07940723832966884,0.04395977103489984,0.11485470562443784
16,2026-02-13T19:00:00+00:00,1,2026-02-13T19:00:00+00:00,0,0.5580504056366585,0.518922289391367,0.5971785218819501
16,2026-02-13T19:00:00+00:00,1,2026-02-13T20:00:00+00:00,1,0.5790504056366584,0.5399222893913669,0.61817852188195
16,2026-02-13T19:00:00+00:00,1,2026-02-13T21:00:00+00:00,2,0.4826271662063552,0.4434990499610636,0.5217552824516468
16,2026-02-13T19:00:00+00:00,1,2026-02-13T22:00:00+00:00,3,0.3766550762710899,0.3375269600257983,0.4157831925163815
16,2026-02-13T19:00:00+00:00,1,2026-02-13T23:00:00+00:00,4,0.24007926071939076,0.20095114447409917,0.27920737696468234
16,2026-02-13T19:00:00+00:00,1,2026-02-14T00:00:00+00:00,5,0.13424402763862134,0.09511591139332976,0.17337214388391292
16,2026-02-13T19:00:00+00:00,1,2026-02-14T01:00:00+00:00,6,0.05131335122674992,0.012185234981458334,0.0904414674720415
16,2026-02-13T19:00:00+00:00,1,2026-02-14T02:00:00+00:00,7,0.016763028302425757,0.0,0.05589114454771734
16,2026-02-13T19:00:00+00:00,1,2026-02-14T03:00:00+00:00,8,0.023860896415933835,0.0,0.06298901266122542
16,2026-02-13T19:00:00+00:00,1,2026-02-14T04:00:00+00:00,9,0.026110646366428986,0.0,0.06523876261172057
16,2026-02-13T19:00:00+00:00,1,2026-02-14T05:00:00+00:00,10,0.011666051983254487,0.0,0.05079416822854607
16,2026-02-13T19:00:00+00:00,1,2026-02-14T06:00:00+00:00,11,0.010000085102853464,0.0,0.04912820134814505
16,2026-02-13T19:00:00+00:00,1,2026-02-14T07:00:00+00:00,12,0.010000085102853464,0.0,0.04912820134814505
16,2026-02-13T19:00:00+00:00,1,2026-02-14T08:00:00+00:00,13,0.010000085102853464,0.0,0.04912820134814505
16,2026-02-13T19:00:00+00:00,1,2026-02-14T09:00:00+00:00,14,0.015208256365329102,0.0,0.05433637261062069
16,2026-02-13T19:00:00+00:00,1,2026-02-14T10:00:00+00:00,15,0.010000085102853464,0.0,0.04912820134814505
16,2026-02-13T19:00:00+00:00,1,2026-02-14T11:00:00+00:00,16,0.010000085102853464,0.0,0.04912820134814505
16,2026-02-13T19:00:00+00:00,1,2026-02-14T12:00:00+00:00,17,0.010932165148756974,0.0,0.050060281394048556
16,2026-02-13T19:00:00+00:00,1,2026-02-14T13:00:00+00:00,18,0.015660766231577757,0.0,0.05478888247686934
16,2026-02-13T19:00:00+00:00,1,2026-02-14T14:00:00+00:00,19,0.016482076832842772,0.0,0.055610193078134355
16,2026-02-13T19:00:00+00:00,1,2026-02-14T15:00:00+00:00,20,0.010714614213500414,0.0,0.049842730458792
16,2026-02-13T19:00:00+00:00,1,2026-02-14T16:00:00+00:00,21,0.08595370476676309,0.046825588521471506,0.12508182101205467
16,2026-02-13T19:00:00+00:00,1,2026-02-14T17:00:00+00:00,22,0.018032430092520965,0.0,0.05716054633781255
16,2026-02-13T19:00:00+00:00,1,2026-02-14T18:00:00+00:00,23,0.010000085102853464,0.0,0.04912820134814505
16,2026-02-13T19:00:00+00:00,1,2026-02-14T19:00:00+00:00,24,0.010000085102853464,0.0,0.04912820134814505
16,2026-02-13T19:00:00+00:00,1,2026-02-14T20:00:00+00:00,25,0.010000085102853464,0.0,0.04912820134814505
16,2026-02-13T19:00:00+00:00,1,2026-02-14T21:00:00+00:00,26,0.010000085102853464,0.0,0.04912820134814505
16,2026-02-13T19:00:00+00:00,1,2026-02-14T22:00:00+00:00,27,0.010000085102853464,0.0,0.04912820134814505
16,2026-02-13T19:00:00+00:00,1,2026-02-14T23:00:00+00:00,28,0.010000085102853464,0.0,0.04912820134814505
16,2026-02-13T19:00:00+00:00,1,2026-02-15T00:00:00+00:00,29,0.011777272422533668,0.0,0.05090538866782525
16,2026-02-13T19:00:00+00:00,1,2026-02-15T01:00:00+00:00,30,0.025150074906984093,0.0,0.06427819115227568
16,2026-02-13T19:00:00+00:00,1,2026-02-15T02:00:00+00:00,31,0.1170665850319248,0.07793846878663321,0.15619470127721638
16,2026-02-13T19:00:00+00:00,1,2026-02-15T03:00:00+00:00,32,0.24989209457869027,0.2107639783333987,0.2890202108239819
16,2026-02-13T19:00:00+00:00,1,2026-02-15T04:00:00+00:00,33,0.261427763979151,0.22229964773385943,0.3005558802244426
16,2026-02-13T19:00:00+00:00,1,2026-02-15T05:00:00+00:00,34,0.5361016601592775,0.49697354391398596,0.5752297764045691
16,2026-02-13T19:00:00+00:00,1,2026-02-15T06:00:00+00:00,35,0.6633517730640173,0.6242236568187257,0.7024798893093088
16,2026-02-13T19:00:00+00:00,1,2026-02-15T07:00:00+00:00,36,0.7808229102195949,0.7416947939743034,0.8199510264648865
16,2026-02-13T19:00:00+00:00,1,2026-02-15T08:00:00+00:00,37,0.8299453021465801,0.7908171859012886,0.8690734183918717
16,2026-02-13T19:00:00+00:00,1,2026-02-15T09:00:00+00:00,38,0.7810961323368313,0.7419680160915397,0.8202242485821228
16,2026-02-13T19:00:00+00:00,1,2026-02-15T10:00:00+00:00,39,0.6461671775173554,0.6070390612720639,0.685295293762647
16,2026-02-13T19:00:00+00:00,1,2026-02-15T11:00:00+00:00,40,0.5352588214907623,0.49613070524547076,0.5743869377360539
16,2026-02-13T19:00:00+00:00,1,2026-02-15T12:00:00+00:00,41,0.49081307026540627,0.45168495402011466,0.5299411865106979
16,2026-02-13T19:00:00+00:00,1,2026-02-15T13:00:00+00:00,42,0.4658361085143143,0.4267079922690227,0.5049642247596059
16,2026-02-13T19:00:00+00:00,1,2026-02-15T14:00:00+00:00,43,0.4879749062931687,0.4488467900478771,0.5271030225384603
16,2026-02-13T19:00:00+00:00,1,2026-02-15T15:00:00+00:00,44,0.5376971943850615,0.4985690781397699,0.576825310630353
16,2026-02-13T19:00:00+00:00,1,2026-02-15T16:00:00+00:00,45,0.4900391485627124,0.4509110323174208,0.529167264808004
16,2026-02-13T19:00:00+00:00,1,2026-02-15T17:00:00+00:00,46,0.43879520162633806,0.39966708538104645,0.47792331787162967
16,2026-02-13T19:00:00+00:00,1,2026-02-15T18:00:00+00:00,47,0.38755642091308534,0.34842830466779373,0.42668453715837695
16,2026-02-13T19:00:00+00:00,2,2026-02-13T19:00:00+00:00,0,0.5046790656373668,0.46923159834259776,0.5401265329321358
16,2026-02-13T19:00:00+00:00,2,2026-02-13T20:00:00+00:00,1,0.5286369018682355,0.49318943457346653,0.5640843691630045
16,2026-02-13T19:00:00+00:00,2,2026-02-13T21:00:00+00:00,2,0.4506978298677189,0.4152503625729499,0.4861452971624879
16,2026-02-13T19:00:00+00:00,2,2026-02-13T22:00:00+00:00,3,0.3661308866534921,0.3306834193587231,0.4015783539482611
16,2026-02-13T19:00:00+00:00,2,2026-02-13T23:00:00+00:00,4,0.22333753084971553,0.18789006355494653,0.2587849981444845
16,2026-02-13T19:00:00+00:00,2,2026-02-14T00:00:00+00:00,5,0.12756201460521277,0.09211454731044377,0.16300948189998177
16,2026-02-13T19:00:00+00:00,2,2026-02-14T01:00:00+00:00,6,0.04521433905147326,0.009766871756704265,0.08066180634624226
16,2026-02-13T19:00:00+00:00,2,2026-02-14T02:00:00+00:00,7,0.011399442932592842,0.0,0.04684691022736184
16,2026-02-13T19:00:00+00:00,2,2026-02-14T03:00:00+00:00,8,0.020848963553562583,0.0,0.05629643084833158
16,2026-02-13T19:00:00+00:00,2,2026-02-14T04:00:00+00:00,9,0.0253636084377,0.0,0.060811075732468994
16,2026-02-13T19:00:00+00:00,2,2026-02-14T05:00:00+00:00,10,0.010077675660267026,0.0,0.04552514295503603
16,2026-02-13T19:00:00+00:00,2,2026-02-14T06:00:00+00:00,11,0.009992367862838358,0.0,0.045439835157607356
16,2026-02-13T19:00:00+00:00,2,2026-02-14T07:00:00+00:00,12,0.010000079546339509,0.0,0.04544754684110851
16,2026-02-13T19:00:00+00:00,2,2026-02-14T08:00:00+00:00,13,0.010000079546339509,0.0,0.04544754684110851
16,2026-02-13T19:00:00+00:00,2,2026-02-14T09:00:00+00:00,14,0.013276673892292586,0.0,0.04872414118706159
16,2026-02-13T19:00:00+00:00,2,2026-02-14T10:00:00+00:00,15,0.010000079546339509,0.0,0.04544754684110851
16,2026-02-13T19:00:00+00:00,2,2026-02-14T11:00:00+00:00,16,0.010000079546339509,0.0,0.04544754684110851
16,2026-02-13T19:00:00+00:00,2,2026-02-14T12:00:00+00:00,17,0.009058891460042066,0.0,0.044506358754811064
16,2026-02-13T19:00:00+00:00,2,2026-02-14T13:00:00+00:00,18,0.011399442932592842,0.0,0.04684691022736184
16,2026-02-13T19:00:00+00:00,2,2026-02-14T14:00:00+00:00,19,0.011399442932592842,0.0,0.04684691022736184
16,2026-02-13T19:00:00+00:00,2,2026-02-14T15:00:00+00:00,20,0.008963850027738961,0.0,0.04441131732250796
16,2026-02-13T19:00:00+00:00,2,2026-02-14T16:00:00+00:00,21,0.06578773672313222,0.030340269428363223,0.10123520401790122
16,2026-02-13T19:00:00+00:00,2,2026-02-14T17:00:00+00:00,22,0.012975913416980291,0.0,0.048423380711749286
16,2026-02-13T19:00:00+00:00,2,2026-02-14T18:00:00+00:00,23,0.010000079546339509,0.0,0.04544754684110851
16,2026-02-13T19:00:00+00:00,2,2026-02-14T19:00:00+00:00,24,0.010000079546339509,0.0,0.04544754684110851
16,2026-02-13T19:00:00+00:00,2,2026-02-14T20:00:00+00:00,25,0.010000079546339509,0.0,0.04544754684110851
16,2026-02-13T19:00:00+00:00,2,2026-02-14T21:00:00+00:00,26,0.010000079546339509,0.0,0.04544754684110851
16,2026-02-13T19:00:00+00:00,2,2026-02-14T22:00:00+00:00,27,0.010000079546339509,0.0,0.04544754684110851
16,2026-02-13T19:00:00+00:00,2,2026-02-14T23:00:00+00:00,28,0.009992367862838358,0.0,0.045439835157607356
16,2026-02-13T19:00:00+00:00,2,2026-02-15T00:00:00+00:00,29,0.009093209086933379,0.0,0.04454067638170238
16,2026-02-13T19:00:00+00:00,2,2026-02-15T01:00:00+00:00,30,0.02357862108918688,0.0,0.05902608838395588
16,2026-02-13T19:00:00+00:00,2,2026-02-15T02:00:00+00:00,31,0.0974485647327224,0.0620010974379534,0.1328960320274914
16,2026-02-13T19:00:00+00:00,2,2026-02-15T03:00:00+00:00,32,0.24103759834332175,0.20559013104855275,0.2764850656380907
16,2026-02-13T19:00:00+00:00,2,2026-02-15T04:00:00+00:00,33,0.2410706906659168,0.2056232233711478,0.2765181579606858
16,2026-02-13T19:00:00+00:00,2,2026-02-15T05:00:00+00:00,34,0.4940901569823353,0.45864268968756633,0.5295376242771044
16,2026-02-13T19:00:00+00:00,2,2026-02-15T06:00:00+00:00,35,0.6356065567300038,0.6001590894352348,0.6710540240247728
16,2026-02-13T19:00:00+00:00,2,2026-02-15T07:00:00+00:00,36,0.758761233981702,0.723313766686933,0.794208701276471
16,2026-02-13T19:00:00+00:00,2,2026-02-15T08:00:00+00:00,37,0.8024884967719561,0.7670410294771871,0.8379359640667251
16,2026-02-13T19:00:00+00:00,2,2026-02-15T09:00:00+00:00,38,0.7586092461244218,0.7231617788296528,0.7940567134191908
16,2026-02-13T19:00:00+00:00,2,2026-02-15T10:00:00+00:00,39,0.6160545688727235,0.5806071015779545,0.6515020361674925
16,2026-02-13T19:00:00+00:00,2,2026-02-15T11:00:00+00:00,40,0.5204701739065283,0.4850227066117593,0.5559176412012973
16,2026-02-13T19:00:00+00:00,2,2026-02-15T12:00:00+00:00,41,0.4668377625597312,0.4313902952649622,0.5022852298545002
16,2026-02-13T19:00:00+00:00,2,2026-02-15T13:00:00+00:00,42,0.4582638870676114,0.4228164197728424,0.4937113543623804
16,2026-02-13T19:00:00+00:00,2,2026-02-15T14:00:00+00:00,43,0.4594226487562864,0.4239751814615174,0.4948701160510554
16,2026-02-13T19:00:00+00:00,2,2026-02-15T15:00:00+00:00,44,0.4906862786400365,0.4552388113452675,0.5261337459348054
16,2026-02-13T19:00:00+00:00,2,2026-02-15T16:00:00+00:00,45,0.4598482369514259,0.4244007696566569,0.4952957042461949
16,2026-02-13T19:00:00+00:00,2,2026-02-15T17:00:00+00:00,46,0.39848123515550615,0.36303376786073716,0.43392870245027515
16,2026-02-13T19:00:00+00:00,2,2026-02-15T18:00:00+00:00,47,0.36889145287051134,0.33344398557574234,0.40433892016528034
17,2026-02-14T19:00:00+00:00,1,2026-02-14T19:00:00+00:00,0,0.009997121730204766,0.0,0.04912523797549635
17,2026-02-14T19:00:00+00:00,1,2026-02-14T20:00:00+00:00,1,0.010209267872260426,0.0,0.04933738411755201
17,2026-02-14T19:00:00+00:00,1,2026-02-14T21:00:00+00:00,2,0.010000085102853464,0.0,0.04912820134814505
17,2026-02-14T19:00:00+00:00,1,2026-02-14T22:00:00+00:00,3,0.010000085102853464,0.0,0.04912820134814505
17,2026-02-14T19:00:00+00:00,1,2026-02-14T23:00:00+00:00,4,0.010000085102853464,0.0,0.04912820134814505
17,2026-02-14T19:00:00+00:00,1,2026-02-15T00:00:00+00:00,5,0.01819817775463503,0.0,0.057326293999926614
17,2026-02-14T19:00:00+00:00,1,2026-02-15T01:00:00+00:00,6,0.11654421477099154,0.07741609852569996,0.15567233101628314
17,2026-02-14T19:00:00+00:00,1,2026-02-15T02:00:00+00:00,7,0.1892898815307329,0.1501617652854413,0.22841799777602448
17,2026-02-14T19:00:00+00:00,1,2026-02-15T03:00:00+00:00,8,0.32003453026917844,0.28090641402388683,0.35916264651447005
17,2026-02-14T19:00:00+00:00,1,2026-02-15T04:00:00+00:00,9,0.43843666135099907,0.39930854510570746,0.4775647775962907
17,2026-02-14T19:00:00+00:00,1,2026-02-15T05:00:00+00:00,10,0.5361206592418818,0.49699254299659024,0.5752487754871733
17,2026-02-14T19:00:00+00:00,1,2026-02-15T06:00:00+00:00,11,0.6268786460450408,0.5877505297997493,0.6660067622903324
17,2026-02-14T19:00:00+00:00,1,2026-02-15T07:00:00+00:00,12,0.8035239072356142,0.7643957909903226,0.8426520234809057
17,2026-02-14T19:00:00+00:00,1,2026-02-15T08:00:00+00:00,13,0.7910226562226559,0.7518945399773643,0.8301507724679474
17,2026-02-14T19:00:00+00:00,1,2026-02-15T09:00:00+00:00,14,0.6737107412992236,0.634582625053932,0.7128388575445151
17,2026-02-14T19:00:00+00:00,1,2026-02-15T10:00:00+00:00,15,0.5787645085617676,0.5396363923164761,0.6178926248070592
17,2026-02-14T19:00:00+00:00,1,2026-02-15T11:00:00+00:00,16,0.5579843676994156,0.5188562514541241,0.5971124839447072
17,2026-02-14T19:00:00+00:00,1,2026-02-15T12:00:00+00:00,17,0.5802059553390375,0.541077839093746,0.6193340715843291
17,2026-02-14T19:00:00+00:00,1,2026-02-15T13:00:00+00:00,18,0.5379198787273165,0.49879176248202495,0.5770479949726081
17,2026-02-14T19:00:00+00:00,1,2026-02-15T14:00:00+00:00,19,0.5379198787273165,0.49879176248202495,0.5770479949726081
17,2026-02-14T19:00:00+00:00,1,2026-02-15T15:00:00+00:00,20,0.5138689815931179,0.47474086534782634,0.5529970978384094
17,2026-02-14T19:00:00+00:00,1,2026-02-15T16:00:00+00:00,21,0.43879520162633806,0.39966708538104645,0.47792331787162967
17,2026-02-14T19:00:00+00:00,1,2026-02-15T17:00:00+00:00,22,0.32299584092220746,0.2838677246769159,0.362123957167499
17,2026-02-14T19:00:00+00:00,1,2026-02-15T18:00:00+00:00,23,0.25547323611573747,0.21634511987044588,0.294601352361029
17,2026-02-14T19:00:00+00:00,1,2026-02-15T19:00:00+00:00,24,0.33476657571017326,0.29563845946488165,0.3738946919554649
17,2026-02-14T19:00:00+00:00,1,2026-02-15T20:00:00+00:00,25,0.38872257571017327,0.34959445946488166,0.4278506919554649
17,2026-02-14T19:00:00+00:00,1,2026-02-15T21:00:00+00:00,26,0.39049401043932536,0.35136589419403375,0.42962212668461697
17,2026-02-14T19:00:00+00:00,1,2026-02-15T22:00:00+00:00,27,0.18329607896470093,0.14416796271940935,0.22242419520999251
17,2026-02-14T19:00:00+00:00,1,2026-02-15T23:00:00+00:00,28,0.14743988667302474,0.10831177042773316,0.18656800291831632
17,2026-02-14T19:00:00+00:00,1,2026-02-16T00:00:00+00:00,29,0.13852726947694485,0.09939915323165327,0.17765538572223644
17,2026-02-14T19:00:00+00:00,1,2026-02-16T01:00:00+00:00,30,0.12702973840411955,0.08790162215882796,0.16615785464941113
17,2026-02-14T19:00:00+00:00,1,2026-02-16T02:00:00+00:00,31,0.3013446064890737,0.26221649024378213,0.34047272273436524
17,2026-02-14T19:00:00+00:00,1,2026-02-16T03:00:00+00:00,32,0.29944305147441264,0.2603149352291211,0.3385711677197042
17,2026-02-14T19:00:00+00:00,1,2026-02-16T04:00:00+00:00,33,0.2844447344528862,0.24531661820759462,0.32357285069817776
17,2026-02-14T19:00:00+00:00,1,2026-02-16T05:00:00+00:00,34,0.247704972740901,0.20857685649560942,0.2868330889861926
17,2026-02-14T19:00:00+00:00,1,2026-02-16T06:00:00+00:00,35,0.22313926146675261,0.18401114522146103,0.2622673777120442
17,2026-02-14T19:00:00+00:00,1,2026-02-16T07:00:00+00:00,36,0.15795977804367783,0.11883166179838625,0.19708789428896942
17,2026-02-14T19:00:00+00:00,1,2026-02-16T08:00:00+00:00,37,0.08047637961442747,0.041348263369135885,0.11960449585971905
17,2026-02-14T19:00:00+00:00,1,2026-02-16T09:00:00+00:00,38,0.14266568179753591,0.10353756555224433,0.1817937980428275
17,2026-02-14T19:00:00+00:00,1,2026-02-16T10:00:00+00:00,39,0.1296522125386056,0.09052409629331401,0.16878032878389718
17,2026-02-14T19:00:00+00:00,1,2026-02-16T11:00:00+00:00,40,0.2289597848838103,0.18983166863851872,0.26808790112910186
17,2026-02-14T19:00:00+00:00,1,2026-02-16T12:00:00+00:00,41,0.2269113696516523,0.1877832534063607,0.2660394858969439
17,2026-02-14T19:00:00+00:00,1,2026-02-16T13:00:00+00:00,42,0.17674032276720525,0.13761220652191367,0.21586843901249683
17,2026-02-14T19:00:00+00:00,1,2026-02-16T14:00:00+00:00,43,0.16307063368143487,0.12394251743614329,0.20219874992672646
17,2026-02-14T19:00:00+00:00,1,2026-02-16T15:00:00+00:00,44,0.2937885422358576,0.25466042599056604,0.33291665848114915
17,2026-02-14T19:00:00+00:00,1,2026-02-16T16:00:00+00:00,45,0.3874855817597281,0.34835746551443647,0.4266136980050197
17,2026-02-14T19:00:00+00:00,1,2026-02-16T17:00:00+00:00,46,0.46231049164398813,0.4231823753986965,0.5014386078892797
17,2026-02-14T19:00:00+00:00,1,2026-02-16T18:00:00+00:00,47,0.4378514434069954,0.3987233271617038,0.476979559652287
17,2026-02-14T19:00:00+00:00,2,2026-02-14T19:00:00+00:00,0,0.009964969418664184,0.0,0.04541243671343318
17,2026-02-14T19:00:00+00:00,2,2026-02-14T20:00:00+00:00,1,0.010210087643226538,0.0,0.04565755493799553
17,2026-02-14T19:00:00+00:00,2,2026-02-14T21:00:00+00:00,2,0.010000079546339509,0.0,0.04544754684110851
17,2026-02-14T19:00:00+00:00,2,2026-02-14T22:00:00+00:00,3,0.010000079546339509,0.0,0.04544754684110851
17,2026-02-14T19:00:00+00:00,2,2026-02-14T23:00:00+00:00,4,0.010000079546339509,0.0,0.04544754684110851
17,2026-02-14T19:00:00+00:00,2,2026-02-15T00:00:00+00:00,5,0.012975913416980291,0.0,0.048423380711749286
17,2026-02-14T19:00:00+00:00,2,2026-02-15T01:00:00+00:00,6,0.09917199344214125,0.06372452614737226,0.13461946073691025
17,2026-02-14T19:00:00+00:00,2,2026-02-15T02:00:00+00:00,7,0.17132473795455563,0.13587727065978664,0.20677220524932463
17,2026-02-14T19:00:00+00:00,2,2026-02-15T03:00:00+00:00,8,0.30818996732292747,0.2727425000281585,0.34363743461769647
17,2026-02-14T19:00:00+00:00,2,2026-02-15T04:00:00+00:00,9,0.39848123515550615,0.36303376786073716,0.43392870245027515
17,2026-02-14T19:00:00+00:00,2,2026-02-15T05:00:00+00:00,10,0.5204701739065283,0.4850227066117593,0.5559176412012973
17,2026-02-14T19:00:00+00:00,2,2026-02-15T06:00:00+00:00,11,0.6108494065782528,0.5754019392834838,0.6462968738730218
17,2026-02-14T19:00:00+00:00,2,2026-02-15T07:00:00+00:00,12,0.7907760981417722,0.7553286308470032,0.8262235654365412
17,2026-02-14T19:00:00+00:00,2,2026-02-15T08:00:00+00:00,13,0.7856843934440079,0.7502369261492389,0.8211318607387769
17,2026-02-14T19:00:00+00:00,2,2026-02-15T09:00:00+00:00,14,0.6548261184523991,0.6193786511576301,0.6902735857471681
17,2026-02-14T19:00:00+00:00,2,2026-02-15T10:00:00+00:00,15,0.566318683491549,0.53087121619678,0.601766150786318
17,2026-02-14T19:00:00+00:00,2,2026-02-15T11:00:00+00:00,16,0.5431939582870788,0.5077464909923098,0.5786414255818478
17,2026-02-14T19:00:00+00:00,2,2026-02-15T12:00:00+00:00,17,0.5441272741219836,0.5086798068272146,0.5795747414167526
17,2026-02-14T19:00:00+00:00,2,2026-02-15T13:00:00+00:00,18,0.5156394958042836,0.4801920285095146,0.5510869630990526
17,2026-02-14T19:00:00+00:00,2,2026-02-15T14:00:00+00:00,19,0.4906862786400365,0.4552388113452675,0.5261337459348054
17,2026-02-14T19:00:00+00:00,2,2026-02-15T15:00:00+00:00,20,0.4906862786400365,0.4552388113452675,0.5261337459348054
17,2026-02-14T19:00:00+00:00,2,2026-02-15T16:00:00+00:00,21,0.39848123515550615,0.36303376786073716,0.43392870245027515
17,2026-02-14T19:00:00+00:00,2,2026-02-15T17:00:00+00:00,22,0.2799630705085333,0.2445156032137643,0.3154105378033023
17,2026-02-14T19:00:00+00:00,2,2026-02-15T18:00:00+00:00,23,0.2506670705085336,0.2152196032137646,0.2861145378033026
17,2026-02-14T19:00:00+00:00,2,2026-02-15T19:00:00+00:00,24,0.31242290978760934,0.27697544249284034,0.34787037708237833
17,2026-02-14T19:00:00+00:00,2,2026-02-15T20:00:00+00:00,25,0.36889145287051134,0.33344398557574234,0.40433892016528034
17,2026-02-14T19:00:00+00:00,2,2026-02-15T21:00:00+00:00,26,0.36889145287051134,0.33344398557574234,0.40433892016528034
17,2026-02-14T19:00:00+00:00,2,2026-02-15T22:00:00+00:00,27,0.17397948699142074,0.13853201969665174,0.20942695428618974
17,2026-02-14T19:00:00+00:00,2,2026-02-15T23:00:00+00:00,28,0.15043831126764007,0.11499084397287107,0.18588577856240907
17,2026-02-14T19:00:00+00:00,2,2026-02-16T00:00:00+00:00,29,0.12986498589712275,0.09441751860235376,0.16531245319189175
17,2026-02-14T19:00:00+00:00,2,2026-02-16T01:00:00+00:00,30,0.11740616286467782,0.08195869556990883,0.1528536301594468
17,2026-02-14T19:00:00+00:00,2,2026-02-16T02:00:00+00:00,31,0.2506670705085336,0.2152196032137646,0.2861145378033026
17,2026-02-14T19:00:00+00:00,2,2026-02-16T03:00:00+00:00,32,0.2799630705085333,0.2445156032137643,0.3154105378033023
17,2026-02-14T19:00:00+00:00,2,2026-02-16T04:00:00+00:00,33,0.25851571258210415,0.22306824528733515,0.29396317987687315
17,2026-02-14T19:00:00+00:00,2,2026-02-16T05:00:00+00:00,34,0.2330987421934595,0.1976512748986905,0.2685462094882285
17,2026-02-14T19:00:00+00:00,2,2026-02-16T06:00:00+00:00,35,0.2318566911802461,0.1964092238854771,0.2673041584750151
17,2026-02-14T19:00:00+00:00,2,2026-02-16T07:00:00+00:00,36,0.16938195717766835,0.13393448988289935,0.20482942447243735
17,2026-02-14T19:00:00+00:00,2,2026-02-16T08:00:00+00:00,37,0.07669240846088667,0.04124494116611767,0.11213987575565566
17,2026-02-14T19:00:00+00:00,2,2026-02-16T09:00:00+00:00,38,0.13835817937261652,0.10291071207784752,0.17380564666738552
17,2026-02-14T19:00:00+00:00,2,2026-02-16T10:00:00+00:00,39,0.13353186288246127,0.09808439558769227,0.16897933017723027
17,2026-02-14T19:00:00+00:00,2,2026-02-16T11:00:00+00:00,40,0.22525128076041995,0.18980381346565095,0.26069874805518894
17,2026-02-14T19:00:00+00:00,2,2026-02-16T12:00:00+00:00,41,0.2318566911802461,0.1964092238854771,0.2673041584750151
17,2026-02-14T19:00:00+00:00,2,2026-02-16T13:00:00+00:00,42,0.16157998100950188,0.12613251371473289,0.19702744830427088
17,2026-02-14T19:00:00+00:00,2,2026-02-16T14:00:00+00:00,43,0.16157998100950188,0.12613251371473289,0.19702744830427088
17,2026-02-14T19:00:00+00:00,2,2026-02-16T15:00:00+00:00,44,0.2799630705085333,0.2445156032137643,0.3154105378033023
17,2026-02-14T19:00:00+00:00,2,2026-02-16T16:00:00+00:00,45,0.37036382911817395,0.33491636182340495,0.40581129641294295
17,2026-02-14T19:00:00+00:00,2,2026-02-16T17:00:00+00:00,46,0.39848123515550615,0.36303376786073716,0.43392870245027515
17,2026-02-14T19:00:00+00:00,2,2026-02-16T18:00:00+00:00,47,0.39848123515550615,0.36303376786073716,0.43392870245027515
18,2026-02-15T19:00:00+00:00,1,2026-02-15T19:00:00+00:00,0,0.11506492294308666,0.07593680669779508,0.15419303918837823
18,2026-02-15T19:00:00+00:00,1,2026-02-15T20:00:00+00:00,1,0.21026466158159857,0.17113654533630698,0.24939277782689015
18,2026-02-15T19:00:00+00:00,1,2026-02-15T21:00:00+00:00,2,0.33653801043932535,0.29740989419403374,0.37566612668461696
18,2026-02-15T19:00:00+00:00,1,2026-02-15T22:00:00+00:00,3,0.3657828842541104,0.32665476800881876,0.404911000499402
18,2026-02-15T19:00:00+00:00,1,2026-02-15T23:00:00+00:00,4,0.5834874618817114,0.5443593456364199,0.622615578127003
18,2026-02-15T19:00:00+00:00,1,2026-02-16T00:00:00+00:00,5,0.46736491091508087,0.42823679466978926,0.5064930271603725
18,2026-02-15T19:00:00+00:00,1,2026-02-16T01:00:00+00:00,6,0.33634718419849574,0.2972190679532042,0.3754753004437873
18,2026-02-15T19:00:00+00:00,1,2026-02-16T02:00:00+00:00,7,0.33004460648907363,0.2909164902437821,0.3691727227343652
18,2026-02-15T19:00:00+00:00,1,2026-02-16T03:00:00+00:00,8,0.33085798267939615,0.2917298664341046,0.3699860989246877
18,2026-02-15T19:00:00+00:00,1,2026-02-16T04:00:00+00:00,9,0.5356133605555318,0.4964852443102402,0.5747414768008233
18,2026-02-15T19:00:00+00:00,1,2026-02-16T05:00:00+00:00,10,0.27366867031218167,0.2345405540668901,0.3127967865574732
18,2026-02-15T19:00:00+00:00,1,2026-02-16T06:00:00+00:00,11,0.36305769052687326,0.32392957428158164,0.40218580677216487
18,2026-02-15T19:00:00+00:00,1,2026-02-16T07:00:00+00:00,12,0.46496525330981714,0.42583713706452553,0.5040933695551088
18,2026-02-15T19:00:00+00:00,1,2026-02-16T08:00:00+00:00,13,0.3907438105398429,0.3516156942945513,0.42987192678513453
18,2026-02-15T19:00:00+00:00,1,2026-02-16T09:00:00+00:00,14,0.3278388461679319,0.28871072992264035,0.36696696241322346
18,2026-02-15T19:00:00+00:00,1,2026-02-16T10:00:00+00:00,15,0.1580727844848529,0.11894466823956132,0.19720090073014448
18,2026-02-15T19:00:00+00:00,1,2026-02-16T11:00:00+00:00,16,0.12912555963992167,0.08999744339463009,0.16825367588521326
18,2026-02-15T19:00:00+00:00,1,2026-02-16T12:00:00+00:00,17,0.1383102780156081,0.09918216177031652,0.1774383942608997
18,2026-02-15T19:00:00+00:00,1,2026-02-16T13:00:00+00:00,18,0.10252021934296669,0.06339210309767511,0.1416483355882583
18,2026-02-15T19:00:00+00:00,1,2026-02-16T14:00:00+00:00,19,0.19071869434421945,0.15159057809892787,0.22984681058951104
18,2026-02-15T19:00:00+00:00,1,2026-02-16T15:00:00+00:00,20,0.22690233767527113,0.18777422142997954,0.2660304539205627
18,2026-02-15T19:00:00+00:00,1,2026-02-16T16:00:00+00:00,21,0.2457625082555457,0.2066343920102541,0.28489062450083724
18,2026-02-15T19:00:00+00:00,1,2026-02-16T17:00:00+00:00,22,0.1771554936541559,0.1380273774088643,0.21628360989944748
18,2026-02-15T19:00:00+00:00,1,2026-02-16T18:00:00+00:00,23,0.15441936929411376,0.11529125304882218,0.19354748553940535
18,2026-02-15T19:00:00+00:00,1,2026-02-16T19:00:00+00:00,24,0.23415991757575022,0.19503180133045864,0.27328803382104183
18,2026-02-15T19:00:00+00:00,1,2026-02-16T20:00:00+00:00,25,0.20344407472617115,0.16431595848087957,0.24257219097146274
18,2026-02-15T19:00:00+00:00,1,2026-02-16T21:00:00+00:00,26,0.21054385784598598,0.1714157416006944,0.24967197409127756
18,2026-02-15T19:00:00+00:00,1,2026-02-16T22:00:00+00:00,27,0.18180254116112834,0.14267442491583676,0.22093065740641993
18,2026-02-15T19:00:00+00:00,1,2026-02-16T23:00:00+00:00,28,0.05874747465238475,0.019619358407093168,0.09787559089767633
18,2026-02-15T19:00:00+00:00,1,2026-02-17T00:00:00+00:00,29,0.015114736542080552,0.0,0.054242852787372134
18,2026-02-15T19:00:00+00:00,1,2026-02-17T01:00:00+00:00,30,0.009997316408024018,0.0,0.0491254326533156
18,2026-02-15T19:00:00+00:00,1,2026-02-17T02:00:00+00:00,31,0.014663707230343227,0.0,0.05379182347563481
18,2026-02-15T19:00:00+00:00,1,2026-02-17T03:00:00+00:00,32,0.023110120688924374,0.0,0.06223823693421596
18,2026-02-15T19:00:00+00:00,1,2026-02-17T04:00:00+00:00,33,0.045254297035940624,0.006126180790649041,0.08438241328123221
18,2026-02-15T19:00:00+00:00,1,2026-02-17T05:00:00+00:00,34,0.10151160759353657,0.06238349134824499,0.14063972383882817
18,2026-02-15T19:00:00+00:00,1,2026-02-17T06:00:00+00:00,35,0.03479504716069048,0.0,0.07392316340598207
18,2026-02-15T19:00:00+00:00,1,2026-02-17T07:00:00+00:00,36,0.06936469062276643,0.030236574377474845,0.10849280686805801
18,2026-02-15T19:00:00+00:00,1,2026-02-17T08:00:00+00:00,37,0.04146770495014385,0.0023395887048522634,0.08059582119543543
18,2026-02-15T19:00:00+00:00,1,2026-02-17T09:00:00+00:00,38,0.0961864076345412,0.057058291389249616,0.13531452387983278
18,2026-02-15T19:00:00+00:00,1,2026-02-17T10:00:00+00:00,39,0.14940052620176464,0.11027240995647306,0.18852864244705622
18,2026-02-15T19:00:00+00:00,1,2026-02-17T11:00:00+00:00,40,0.15279694932559967,0.11366883308030809,0.19192506557089126
18,2026-02-15T19:00:00+00:00,1,2026-02-17T12:00:00+00:00,41,0.2568266084331753,0.2176984921878837,0.29595472467846684
18,2026-02-15T19:00:00+00:00,1,2026-02-17T13:00:00+00:00,42,0.44040990800855934,0.4012817917632677,0.47953802425385095
18,2026-02-15T19:00:00+00:00,1,2026-02-17T14:00:00+00:00,43,0.4882129092178887,0.44908479297259707,0.5273410254631803
18,2026-02-15T19:00:00+00:00,1,2026-02-17T15:00:00+00:00,44,0.5588898956987115,0.51976177945342,0.5980180119440031
18,2026-02-15T19:00:00+00:00,1,2026-02-17T16:00:00+00:00,45,0.5372088947813157,0.49808077853602417,0.5763370110266073
18,2026-02-15T19:00:00+00:00,1,2026-02-17T17:00:00+00:00,46,0.48724492326456376,0.44811680701927215,0.5263730395098554
18,2026-02-15T19:00:00+00:00,1,2026-02-17T18:00:00+00:00,47,0.43828790293998815,0.39915978669469654,0.47741601918527976
18,2026-02-15T19:00:00+00:00,2,2026-02-15T19:00:00+00:00,0,0.09927654320336739,0.06382907590859839,0.13472401049813637
18,2026-02-15T19:00:00+00:00,2,2026-02-15T20:00:00+00:00,1,0.20617945390883247,0.17073198661406347,0.24162692120360146
18,2026-02-15T19:00:00+00:00,2,2026-02-15T21:00:00+00:00,2,0.3129681269518567,0.2775206596570877,0.3484155942466257
18,2026-02-15T19:00:00+00:00,2,2026-02-15T22:00:00+00:00,3,0.3423681269518567,0.3069206596570877,0.3778155942466257
18,2026-02-15T19:00:00+00:00,2,2026-02-15T23:00:00+00:00,4,0.5395973320351521,0.5041498647403831,0.5750447993299211
18,2026-02-15T19:00:00+00:00,2,2026-02-16T00:00:00+00:00,5,0.43482017137697904,0.39937270408221004,0.47026763867174803
18,2026-02-15T19:00:00+00:00,2,2026-02-16T01:00:00+00:00,6,0.3129681269518567,0.2775206596570877,0.3484155942466257
18,2026-02-15T19:00:00+00:00,2,2026-02-16T02:00:00+00:00,7,0.28436812695185676,0.24892065965708776,0.31981559424662576
18,2026-02-15T19:00:00+00:00,2,2026-02-16T03:00:00+00:00,8,0.2938507960099131,0.2584033287151441,0.3292982633046821
18,2026-02-15T19:00:00+00:00,2,2026-02-16T04:00:00+00:00,9,0.5204701739065283,0.4850227066117593,0.5559176412012973
18,2026-02-15T19:00:00+00:00,2,2026-02-16T05:00:00+00:00,10,0.27266060903944406,0.23721314174467506,0.30810807633421305
18,2026-02-15T19:00:00+00:00,2,2026-02-16T06:00:00+00:00,11,0.3854028895881147,0.3499554222933457,0.4208503568828837
18,2026-02-15T19:00:00+00:00,2,2026-02-16T07:00:00+00:00,12,0.4427080324715797,0.4072605651768107,0.4781554997663487
18,2026-02-15T19:00:00+00:00,2,2026-02-16T08:00:00+00:00,13,0.3904283554503408,0.3549808881555718,0.4258758227451098
18,2026-02-15T19:00:00+00:00,2,2026-02-16T09:00:00+00:00,14,0.30514989570608314,0.26970242841131414,0.34059736300085214
18,2026-02-15T19:00:00+00:00,2,2026-02-16T10:00:00+00:00,15,0.16495692457716282,0.12950945728239383,0.20040439187193182
18,2026-02-15T19:00:00+00:00,2,2026-02-16T11:00:00+00:00,16,0.12061712288246106,0.08516965558769206,0.15606459017723007
18,2026-02-15T19:00:00+00:00,2,2026-02-16T12:00:00+00:00,17,0.12694891110177925,0.09150144380701025,0.16239637839654825
18,2026-02-15T19:00:00+00:00,2,2026-02-16T13:00:00+00:00,18,0.08448465859849988,0.04903719130373088,0.11993212589326888
18,2026-02-15T19:00:00+00:00,2,2026-02-16T14:00:00+00:00,19,0.1677106987852422,0.1322632314904732,0.2031581660800112
18,2026-02-15T19:00:00+00:00,2,2026-02-16T15:00:00+00:00,20,0.22629046416665005,0.19084299687188105,0.26173793146141905
18,2026-02-15T19:00:00+00:00,2,2026-02-16T16:00:00+00:00,21,0.2383106267038359,0.2028631594090669,0.2737580939986049
18,2026-02-15T19:00:00+00:00,2,2026-02-16T17:00:00+00:00,22,0.18205107413329136,0.14660360683852236,0.21749854142806035
18,2026-02-15T19:00:00+00:00,2,2026-02-16T18:00:00+00:00,23,0.1479061513474525,0.1124586840526835,0.1833536186422215
18,2026-02-15T19:00:00+00:00,2,2026-02-16T19:00:00+00:00,24,0.21453089795080338,0.17908343065603438,0.24997836524557238
18,2026-02-15T19:00:00+00:00,2,2026-02-16T20:00:00+00:00,25,0.1757710754181988,0.1403236081234298,0.2112185427129678
18,2026-02-15T19:00:00+00:00,2,2026-02-16T21:00:00+00:00,26,0.18643640948592066,0.15098894219115166,0.22188387678068966
18,2026-02-15T19:00:00+00:00,2,2026-02-16T22:00:00+00:00,27,0.16157998100950188,0.12613251371473289,0.19702744830427088
18,2026-02-15T19:00:00+00:00,2,2026-02-16T23:00:00+00:00,28,0.05268048999778829,0.017233022703019296,0.08812795729255729
18,2026-02-15T19:00:00+00:00,2,2026-02-17T00:00:00+00:00,29,0.010869893419083756,0.0,0.04631736071385276
18,2026-02-15T19:00:00+00:00,2,2026-02-17T01:00:00+00:00,30,0.009902651069165023,0.0,0.04535011836393402
18,2026-02-15T19:00:00+00:00,2,2026-02-17T02:00:00+00:00,31,0.011407476203770238,0.0,0.046854943498539234
18,2026-02-15T19:00:00+00:00,2,2026-02-17T03:00:00+00:00,32,0.01731290187614432,0.0,0.05276036917091331
18,2026-02-15T19:00:00+00:00,2,2026-02-17T04:00:00+00:00,33,0.0414497450289284,0.0060022777341594,0.0768972123236974
18,2026-02-15T19:00:00+00:00,2,2026-02-17T05:00:00+00:00,34,0.08346662113643141,0.048019153841662415,0.11891408843120041
18,2026-02-15T19:00:00+00:00,2,2026-02-17T06:00:00+00:00,35,0.03615800274884216,0.0007105354540731593,0.07160547004361115
18,2026-02-15T19:00:00+00:00,2,2026-02-17T07:00:00+00:00,36,0.061633787998431486,0.02618632070366249,0.09708125529320048
18,2026-02-15T19:00:00+00:00,2,2026-02-17T08:00:00+00:00,37,0.0408674505198313,0.005419983225062305,0.0763149178146003
18,2026-02-15T19:00:00+00:00,2,2026-02-17T09:00:00+00:00,38,0.08985339458539138,0.05440592729062238,0.12530086188016037
18,2026-02-15T19:00:00+00:00,2,2026-02-17T10:00:00+00:00,39,0.12918015647000952,0.09373268917524052,0.16462762376477852
18,2026-02-15T19:00:00+00:00,2,2026-02-17T11:00:00+00:00,40,0.14454476915177922,0.10909730185701022,0.17999223644654821
18,2026-02-15T19:00:00+00:00,2,2026-02-17T12:00:00+00:00,41,0.2516882421556314,0.2162407748608624,0.2871357094504004
18,2026-02-15T19:00:00+00:00,2,2026-02-17T13:00:00+00:00,42,0.41543512670846405,0.37998765941369506,0.45088259400323305
18,2026-02-15T19:00:00+00:00,2,2026-02-17T14:00:00+00:00,43,0.4668377625597312,0.4313902952649622,0.5022852298545002
18,2026-02-15T19:00:00+00:00,2,2026-02-17T15:00:00+00:00,44,0.5204701739065283,0.4850227066117593,0.5559176412012973
18,2026-02-15T19:00:00+00:00,2,2026-02-17T16:00:00+00:00,45,0.5204701739065283,0.4850227066117593,0.5559176412012973
18,2026-02-15T19:00:00+00:00,2,2026-02-17T17:00:00+00:00,46,0.4594226487562864,0.4239751814615174,0.4948701160510554
18,2026-02-15T19:00:00+00:00,2,2026-02-17T18:00:00+00:00,47,0.39848123515550615,0.36303376786073716,0.43392870245027515
19,2026-02-16T19:00:00+00:00,1,2026-02-16T19:00:00+00:00,0,0.146670702085264,0.10754258583997242,0.1857988183305556
19,2026-02-16T19:00:00+00:00,1,2026-02-16T20:00:00+00:00,1,0.1799833911710344,0.14085527492574282,0.21911150741632598
19,2026-02-16T19:00:00+00:00,1,2026-02-16T21:00:00+00:00,2,0.18047756224776593,0.14134944600247434,0.2196056784930575
19,2026-02-16T19:00:00+00:00,1,2026-02-16T22:00:00+00:00,3,0.15443883116112836,0.11531071491583678,0.19356694740641994
19,2026-02-16T19:00:00+00:00,1,2026-02-16T23:00:00+00:00,4,0.07453969981288826,0.035411583567596674,0.11366781605817984
19,2026-02-16T19:00:00+00:00,1,2026-02-17T00:00:00+00:00,5,0.07403945504976213,0.034911338804470546,0.11316757129505371
19,2026-02-16T19:00:00+00:00,1,2026-02-17T01:00:00+00:00,6,0.033507475160988724,0.0,0.07263559140628031
19,2026-02-16T19:00:00+00:00,1,2026-02-17T02:00:00+00:00,7,0.04053199101193393,0.0014038747666423462,0.07966010725722551
19,2026-02-16T19:00:00+00:00,1,2026-02-17T03:00:00+00:00,8,0.017135497002140176,0.0,0.05626361324743176
19,2026-02-16T19:00:00+00:00,1,2026-02-17T04:00:00+00:00,9,0.00984253115217724,0.0,0.04897064739746882
19,2026-02-16T19:00:00+00:00,1,2026-02-17T05:00:00+00:00,10,0.01675079021881929,0.0,0.055878906464110874
19,2026-02-16T19:00:00+00:00,1,2026-02-17T06:00:00+00:00,11,0.06304060296453692,0.02391248671924534,0.1021687192098285
19,2026-02-16T19:00:00+00:00,1,2026-02-17T07:00:00+00:00,12,0.10772939727222922,0.06860128102693763,0.1468575135175208
19,2026-02-16T19:00:00+00:00,1,2026-02-17T08:00:00+00:00,13,0.09810544352726511,0.058977327281973524,0.1372335597725567
19,2026-02-16T19:00:00+00:00,1,2026-02-17T09:00:00+00:00,14,0.10878641778761218,0.0696583015423206,0.14791453403290378
19,2026-02-16T19:00:00+00:00,1,2026-02-17T10:00:00+00:00,15,0.1203145030470172,0.08118638680172562,0.1594426192923088
19,2026-02-16T19:00:00+00:00,1,2026-02-17T11:00:00+00:00,16,0.10953222525304143,0.07040410900774985,0.14866034149833302
19,2026-02-16T19:00:00+00:00,1,2026-02-17T12:00:00+00:00,17,0.20469482291013696,0.16556670666484538,0.24382293915542855
19,2026-02-16T19:00:00+00:00,1,2026-02-17T13:00:00+00:00,18,0.29705228391011795,0.2579241676648264,0.3361804001554095
19,2026-02-16T19:00:00+00:00,1,2026-02-17T14:00:00+00:00,19,0.38960758682829927,0.35047947058300766,0.4287357030735909
19,2026-02-16T19:00:00+00:00,1,2026-02-17T15:00:00+00:00,20,0.5372088947813157,0.49808077853602417,0.5763370110266073
19,2026-02-16T19:00:00+00:00,1,2026-02-17T16:00:00+00:00,21,0.48799022487563354,0.4488621086303419,0.5271183411209251
19,2026-02-16T19:00:00+00:00,1,2026-02-17T17:00:00+00:00,22,0.3335295817597282,0.2944014655144366,0.3726576980050198
19,2026-02-16T19:00:00+00:00,1,2026-02-17T18:00:00+00:00,23,0.486456162913209,0.44732804666791737,0.5255842791585006
19,2026-02-16T19:00:00+00:00,1,2026-02-17T19:00:00+00:00,24,0.5788812762097088,0.5397531599644172,0.6180093924550003
19,2026-02-16T19:00:00+00:00,1,2026-02-17T20:00:00+00:00,25,0.5133616829067679,0.4742335666614763,0.5524897991520594
19,2026-02-16T19:00:00+00:00,1,2026-02-17T21:00:00+00:00,26,0.3900575509063326,0.350929434661041,0.4291856671516242
19,2026-02-16T19:00:00+00:00,1,2026-02-17T22:00:00+00:00,27,0.46716379413837034,0.4280356778930787,0.506291910383662
19,2026-02-16T19:00:00+00:00,1,2026-02-17T23:00:00+00:00,28,0.5410073210193593,0.5018792047740678,0.5801354372646509
19,2026-02-16T19:00:00+00:00,1,2026-02-18T00:00:00+00:00,29,0.468923550806357,0.4297954345610654,0.5080516670516486
19,2026-02-16T19:00:00+00:00,1,2026-02-18T01:00:00+00:00,30,0.49334927519701016,0.45422115895171855,0.5324773914423018
19,2026-02-16T19:00:00+00:00,1,2026-02-18T02:00:00+00:00,31,0.610743449862803,0.5716153336175115,0.6498715661080946
19,2026-02-16T19:00:00+00:00,1,2026-02-18T03:00:00+00:00,32,0.46625077156471173,0.4271226553194202,0.5053788878100033
19,2026-02-16T19:00:00+00:00,1,2026-02-18T04:00:00+00:00,33,0.46525992129168336,0.4261318050463918,0.5043880375369749
19,2026-02-16T19:00:00+00:00,1,2026-02-18T05:00:00+00:00,34,0.5791205213821718,0.5399924051368803,0.6182486376274634
19,2026-02-16T19:00:00+00:00,1,2026-02-18T06:00:00+00:00,35,0.6633231160339028,0.6241949997886113,0.7024512322791944
19,2026-02-16T19:00:00+00:00,1,2026-02-18T07:00:00+00:00,36,0.7062483983287047,0.6671202820834131,0.7453765145739962
19,2026-02-16T19:00:00+00:00,1,2026-02-18T08:00:00+00:00,37,0.9171085393584845,0.8779804231131929,0.956236655603776
19,2026-02-16T19:00:00+00:00,1,2026-02-18T09:00:00+00:00,38,0.960321916405248,0.9211938001599564,0.9994500326505396
19,2026-02-16T19:00:00+00:00,1,2026-02-18T10:00:00+00:00,39,0.8566064036526718,0.8174782874073803,0.8957345198979634
19,2026-02-16T19:00:00+00:00,1,2026-02-18T11:00:00+00:00,40,0.7899255137006281,0.7507973974553366,0.8290536299459197
19,2026-02-16T19:00:00+00:00,1,2026-02-18T12:00:00+00:00,41,0.6922767260764624,0.6531486098311708,0.731404842321754
19,2026-02-16T19:00:00+00:00,1,2026-02-18T13:00:00+00:00,42,0.4894357833381048,0.4503076670928132,0.5285638995833963
19,2026-02-16T19:00:00+00:00,1,2026-02-18T14:00:00+00:00,43,0.4154224295302362,0.37629431328494467,0.4545505457755278
19,2026-02-16T19:00:00+00:00,1,2026-02-18T15:00:00+00:00,44,0.4400394263682411,0.40091131012294956,0.47916754261353267
19,2026-02-16T19:00:00+00:00,1,2026-02-18T16:00:00+00:00,45,0.4640620150722411,0.42493389882694954,0.5031901313175327
19,2026-02-16T19:00:00+00:00,1,2026-02-18T17:00:00+00:00,46,0.3333817844616651,0.29425366821637355,0.37250990070695666
19,2026-02-16T19:00:00+00:00,1,2026-02-18T18:00:00+00:00,47,0.23035907686848958,0.191230960623198,0.26948719311378116
19,2026-02-16T19:00:00+00:00,2,2026-02-16T19:00:00+00:00,0,0.15228120150984448,0.11683373421507548,0.18772866880461347
19,2026-02-16T19:00:00+00:00,2,2026-02-16T20:00:00+00:00,1,0.15825643134234613,0.12280896404757713,0.19370389863711512
19,2026-02-16T19:00:00+00:00,2,2026-02-16T21:00:00+00:00,2,0.15825643134234613,0.12280896404757713,0.19370389863711512
19,2026-02-16T19:00:00+00:00,2,2026-02-16T22:00:00+00:00,3,0.13857249015304496,0.10312502285827596,0.17401995744781396
19,2026-02-16T19:00:00+00:00,2,2026-02-16T23:00:00+00:00,4,0.06600578075991811,0.030558313465149117,0.10145324805468711
19,2026-02-16T19:00:00+00:00,2,2026-02-17T00:00:00+00:00,5,0.06339138359059666,0.027943916295827667,0.09883885088536566
19,2026-02-16T19:00:00+00:00,2,2026-02-17T01:00:00+00:00,6,0.02973973262919404,0.0,0.06518719992396303
19,2026-02-16T19:00:00+00:00,2,2026-02-17T02:00:00+00:00,7,0.03639411716589002,0.0009466498711210233,0.07184158446065902
19,2026-02-16T19:00:00+00:00,2,2026-02-17T03:00:00+00:00,8,0.01256720799815178,0.0,0.04801467529292078
19,2026-02-16T19:00:00+00:00,2,2026-02-17T04:00:00+00:00,9,0.010143147884309457,0.0,0.045590615179078454
19,2026-02-16T19:00:00+00:00,2,2026-02-17T05:00:00+00:00,10,0.01612574086503699,0.0,0.05157320815980598
19,2026-02-16T19:00:00+00:00,2,2026-02-17T06:00:00+00:00,11,0.057823822994837536,0.02237635570006854,0.09327129028960654
19,2026-02-16T19:00:00+00:00,2,2026-02-17T07:00:00+00:00,12,0.10488055569277174,0.06943308839800275,0.14032802298754074
19,2026-02-16T19:00:00+00:00,2,2026-02-17T08:00:00+00:00,13,0.08696772147677168,0.05152025418200268,0.12241518877154067
19,2026-02-16T19:00:00+00:00,2,2026-02-17T09:00:00+00:00,14,0.10488055569277174,0.06943308839800275,0.14032802298754074
19,2026-02-16T19:00:00+00:00,2,2026-02-17T10:00:00+00:00,15,0.10889718590842469,0.07344971861365569,0.14434465320319367
19,2026-02-16T19:00:00+00:00,2,2026-02-17T11:00:00+00:00,16,0.09515073593343987,0.05970326863867087,0.13059820322820886
19,2026-02-16T19:00:00+00:00,2,2026-02-17T12:00:00+00:00,17,0.1906547798465434,0.1552073125517744,0.22610224714131238
19,2026-02-16T19:00:00+00:00,2,2026-02-17T13:00:00+00:00,18,0.3018538238406652,0.26640635654589623,0.3373012911354342
19,2026-02-16T19:00:00+00:00,2,2026-02-17T14:00:00+00:00,19,0.38465705027556724,0.34920958298079824,0.42010451757033623
19,2026-02-16T19:00:00+00:00,2,2026-02-17T15:00:00+00:00,20,0.49653487184054235,0.46108740454577335,0.5319823391353113
19,2026-02-16T19:00:00+00:00,2,2026-02-17T16:00:00+00:00,21,0.46310467993508814,0.42765721264031914,0.49855214722985713
19,2026-02-16T19:00:00+00:00,2,2026-02-17T17:00:00+00:00,22,0.31242290978760934,0.27697544249284034,0.34787037708237833
19,2026-02-16T19:00:00+00:00,2,2026-02-17T18:00:00+00:00,23,0.4594226487562864,0.4239751814615174,0.4948701160510554
19,2026-02-16T19:00:00+00:00,2,2026-02-17T19:00:00+00:00,24,0.5380573499073098,0.5026098826125408,0.5735048172020788
19,2026-02-16T19:00:00+00:00,2,2026-02-17T20:00:00+00:00,25,0.48969151367644154,0.45424404638167254,0.5251389809712106
19,2026-02-16T19:00:00+00:00,2,2026-02-17T21:00:00+00:00,26,0.36889145287051134,0.33344398557574234,0.40433892016528034
19,2026-02-16T19:00:00+00:00,2,2026-02-17T22:00:00+00:00,27,0.39848123515550615,0.36303376786073716,0.43392870245027515
19,2026-02-16T19:00:00+00:00,2,2026-02-17T23:00:00+00:00,28,0.4906862786400365,0.4552388113452675,0.5261337459348054
19,2026-02-16T19:00:00+00:00,2,2026-02-18T00:00:00+00:00,29,0.4582638870676114,0.4228164197728424,0.4937113543623804
19,2026-02-16T19:00:00+00:00,2,2026-02-18T01:00:00+00:00,30,0.4598482369514259,0.4244007696566569,0.4952957042461949
19,2026-02-16T19:00:00+00:00,2,2026-02-18T02:00:00+00:00,31,0.6020333641558215,0.5665858968610525,0.6374808314505905
19,2026-02-16T19:00:00+00:00,2,2026-02-18T03:00:00+00:00,32,0.40969741552571187,0.3742499482309429,0.44514488282048087
19,2026-02-16T19:00:00+00:00,2,2026-02-18T04:00:00+00:00,33,0.44171676570734403,0.40626929841257503,0.477164233002113
19,2026-02-16T19:00:00+00:00,2,2026-02-18T05:00:00+00:00,34,0.5444420181292509,0.5089945508344819,0.5798894854240199
19,2026-02-16T19:00:00+00:00,2,2026-02-18T06:00:00+00:00,35,0.6354545688727236,0.6000071015779546,0.6709020361674926
19,2026-02-16T19:00:00+00:00,2,2026-02-18T07:00:00+00:00,36,0.7054405507601109,0.6699930834653419,0.7408880180548799
19,2026-02-16T19:00:00+00:00,2,2026-02-18T08:00:00+00:00,37,0.9020774569892223,0.8666299896944533,0.9375249242839913
19,2026-02-16T19:00:00+00:00,2,2026-02-18T09:00:00+00:00,38,0.9511233403008235,0.9156758730060545,0.9865708075955925
19,2026-02-16T19:00:00+00:00,2,2026-02-18T10:00:00+00:00,39,0.8497466228386414,0.8142991555438724,0.8851940901334104
19,2026-02-16T19:00:00+00:00,2,2026-02-18T11:00:00+00:00,40,0.7854337386531749,0.7499862713584059,0.8208812059479439
19,2026-02-16T19:00:00+00:00,2,2026-02-18T12:00:00+00:00,41,0.6719649882931282,0.6365175209983592,0.7074124555878972
19,2026-02-16T19:00:00+00:00,2,2026-02-18T13:00:00+00:00,42,0.4668377625597312,0.4313902952649622,0.5022852298545002
19,2026-02-16T19:00:00+00:00,2,2026-02-18T14:00:00+00:00,43,0.38783512670846404,0.35238765941369504,0.42328259400323304
19,2026-02-16T19:00:00+00:00,2,2026-02-18T15:00:00+00:00,44,0.40969741552571187,0.3742499482309429,0.44514488282048087
19,2026-02-16T19:00:00+00:00,2,2026-02-18T16:00:00+00:00,45,0.43597905452459185,0.40053158722982285,0.47142652181936084
19,2026-02-16T19:00:00+00:00,2,2026-02-18T17:00:00+00:00,46,0.3129681269518567,0.2775206596570877,0.3484155942466257
19,2026-02-16T19:00:00+00:00,2,2026-02-18T18:00:00+00:00,47,0.2231829936707191,0.1877355263759501,0.2586304609654881
20,2026-02-17T19:00:00+00:00,1,2026-02-17T19:00:00+00:00,0,0.46275872524307843,0.4236306089977868,0.50188684148837
20,2026-02-17T19:00:00+00:00,1,2026-02-17T20:00:00+00:00,1,0.4395248968904332,0.4003967806451416,0.47865301313572484
20,2026-02-17T19:00:00+00:00,1,2026-02-17T21:00:00+00:00,2,0.39049401043932536,0.35136589419403375,0.42962212668461697
20,2026-02-17T19:00:00+00:00,1,2026-02-17T22:00:00+00:00,3,0.4183015242541103,0.3791734080088187,0.45742964049940193
20,2026-02-17T19:00:00+00:00,1,2026-02-17T23:00:00+00:00,4,0.4433423222110809,0.4042142059657893,0.4824704384563725
20,2026-02-17T19:00:00+00:00,1,2026-02-18T00:00:00+00:00,5,0.4433423222110809,0.4042142059657893,0.4824704384563725
20,2026-02-17T19:00:00+00:00,1,2026-02-18T01:00:00+00:00,6,0.28629253400289,0.24716441775759843,0.32542065024818156
20,2026-02-17T19:00:00+00:00,1,2026-02-18T02:00:00+00:00,7,0.4900982408212505,0.45097012457595886,0.5292263570665421
20,2026-02-17T19:00:00+00:00,1,2026-02-18T03:00:00+00:00,8,0.490335815120325,0.4512076988750334,0.5294639313656165
20,2026-02-17T19:00:00+00:00,1,2026-02-18T04:00:00+00:00,9,0.6061468007822691,0.5670186845369776,0.6452749170275607
20,2026-02-17T19:00:00+00:00,1,2026-02-18T05:00:00+00:00,10,0.7089842391155904,0.6698561228702988,0.7481123553608819
20,2026-02-17T19:00:00+00:00,1,2026-02-18T06:00:00+00:00,11,0.9745105904418764,0.9353824741965848,1.0
20,2026-02-17T19:00:00+00:00,1,2026-02-18T07:00:00+00:00,12,0.8539270151182786,0.8147988988729871,0.8930551313635702
20,2026-02-17T19:00:00+00:00,1,2026-02-18T08:00:00+00:00,13,0.8475336784251052,0.8084055621798136,0.8866617946703967
20,2026-02-17T19:00:00+00:00,1,2026-02-18T09:00:00+00:00,14,0.8287586985800054,0.7896305823347138,0.867886814825297
20,2026-02-17T19:00:00+00:00,1,2026-02-18T10:00:00+00:00,15,0.7350275749877033,0.6958994587424118,0.7741556912329949
20,2026-02-17T19:00:00+00:00,1,2026-02-18T11:00:00+00:00,16,0.8564243528309469,0.8172962365856553,0.8955524690762384
20,2026-02-17T19:00:00+00:00,1,2026-02-18T12:00:00+00:00,17,0.858164617360566,0.8190365011152745,0.8972927336058576
20,2026-02-17T19:00:00+00:00,1,2026-02-18T13:00:00+00:00,18,0.46729698555925037,0.4281688693139588,0.5064251018045419
20,2026-02-17T19:00:00+00:00,1,2026-02-18T14:00:00+00:00,19,0.44026211071049626,0.4011339944652047,0.4793902269557878
20,2026-02-17T19:00:00+00:00,1,2026-02-18T15:00:00+00:00,20,0.26000608892117133,0.22087797267587975,0.29913420516646294
20,2026-02-17T19:00:00+00:00,1,2026-02-18T16:00:00+00:00,21,0.29445635541646203,0.2553282391711704,0.33358447166175365
20,2026-02-17T19:00:00+00:00,1,2026-02-18T17:00:00+00:00,22,0.22006835538897043,0.18094023914367885,0.259196471634262
20,2026-02-17T19:00:00+00:00,1,2026-02-18T18:00:00+00:00,23,0.20956923334391617,0.17044111709862458,0.24869734958920775
20,2026-02-17T19:00:00+00:00,1,2026-02-18T19:00:00+00:00,24,0.22238077980427448,0.1832526635589829,0.26150889604956606
20,2026-02-17T19:00:00+00:00,1,2026-02-18T20:00:00+00:00,25,0.1301836699111855,0.0910555536658939,0.16931178615647707
20,2026-02-17T19:00:00+00:00,1,2026-02-18T21:00:00+00:00,26,0.12535584541598355,0.08622772917069196,0.16448396166127513
20,2026-02-17T19:00:00+00:00,1,2026-02-18T22:00:00+00:00,27,0.0924234299818541,0.053295313736562516,0.13155154622714568
20,2026-02-17T19:00:00+00:00,1,2026-02-18T23:00:00+00:00,28,0.0871223749635732,0.04799425871828161,0.12625049120886478
20,2026-02-17T19:00:00+00:00,1,2026-02-19T00:00:00+00:00,29,0.12451696123719125,0.08538884499189967,0.16364507748248283
20,2026-02-17T19:00:00+00:00,1,2026-02-19T01:00:00+00:00,30,0.1469418713341628,0.10781375508887123,0.1860699875794544
20,2026-02-17T19:00:00+00:00,1,2026-02-19T02:00:00+00:00,31,0.1741427706640624,0.1350146544187708,0.21327088690935397
20,2026-02-17T19:00:00+00:00,1,2026-02-19T03:00:00+00:00,32,0.1593371621339894,0.12020904588869782,0.198465278379281
20,2026-02-17T19:00:00+00:00,1,2026-02-19T04:00:00+00:00,33,0.2542335056941049,0.21510538944881333,0.2933616219393965
20,2026-02-17T19:00:00+00:00,1,2026-02-19T05:00:00+00:00,34,0.14151199617839652,0.10238387993310494,0.1806401124236881
20,2026-02-17T19:00:00+00:00,1,2026-02-19T06:00:00+00:00,35,0.20012108035508408,0.1609929641097925,0.23924919660037566
20,2026-02-17T19:00:00+00:00,1,2026-02-19T07:00:00+00:00,36,0.11024303347586141,0.07111491723056983,0.149371149721153
20,2026-02-17T19:00:00+00:00,1,2026-02-19T08:00:00+00:00,37,0.08140227629773733,0.04227416005244575,0.12053039254302891
20,2026-02-17T19:00:00+00:00,1,2026-02-19T09:00:00+00:00,38,0.08269248590355283,0.04356436965826124,0.12182060214884441
20,2026-02-17T19:00:00+00:00,1,2026-02-19T10:00:00+00:00,39,0.05512094708760229,0.015992830842310707,0.09424906333289387
20,2026-02-17T19:00:00+00:00,1,2026-02-19T11:00:00+00:00,40,0.06950898885279864,0.030380872607507062,0.10863710509809023
20,2026-02-17T19:00:00+00:00,1,2026-02-19T12:00:00+00:00,41,0.026176595780070498,0.0,0.06530471202536209
20,2026-02-17T19:00:00+00:00,1,2026-02-19T13:00:00+00:00,42,0.03637932010864972,0.0,0.0755074363539413
20,2026-02-17T19:00:00+00:00,1,2026-02-19T14:00:00+00:00,43,0.009783250340300129,0.0,0.04891136658559171
20,2026-02-17T19:00:00+00:00,1,2026-02-19T15:00:00+00:00,44,0.013184152199012245,0.0,0.052312268444303825
20,2026-02-17T19:00:00+00:00,1,2026-02-19T16:00:00+00:00,45,0.03349872056631259,0.0,0.07262683681160417
20,2026-02-17T19:00:00+00:00,1,2026-02-19T17:00:00+00:00,46,0.11538686593292134,0.07625874968762976,0.1545149821782129
20,2026-02-17T19:00:00+00:00,1,2026-02-19T18:00:00+00:00,47,0.16345055633460917,0.12432244008931759,0.20257867257990075
20,2026-02-17T19:00:00+00:00,2,2026-02-17T19:00:00+00:00,0,0.4247884701919112,0.3893410028971422,0.4602359374866802
20,2026-02-17T19:00:00+00:00,2,2026-02-17T20:00:00+00:00,1,0.39848123515550615,0.36303376786073716,0.43392870245027515
20,2026-02-17T19:00:00+00:00,2,2026-02-17T21:00:00+00:00,2,0.36889145287051134,0.33344398557574234,0.40433892016528034
20,2026-02-17T19:00:00+00:00,2,2026-02-17T22:00:00+00:00,3,0.37088123515550614,0.33543376786073714,0.40632870245027514
20,2026-02-17T19:00:00+00:00,2,2026-02-17T23:00:00+00:00,4,0.39848123515550615,0.36303376786073716,0.43392870245027515
20,2026-02-17T19:00:00+00:00,2,2026-02-18T00:00:00+00:00,5,0.39848123515550615,0.36303376786073716,0.43392870245027515
20,2026-02-17T19:00:00+00:00,2,2026-02-18T01:00:00+00:00,6,0.2506670705085336,0.2152196032137646,0.2861145378033026
20,2026-02-17T19:00:00+00:00,2,2026-02-18T02:00:00+00:00,7,0.4594226487562864,0.4239751814615174,0.4948701160510554
20,2026-02-17T19:00:00+00:00,2,2026-02-18T03:00:00+00:00,8,0.46310467993508814,0.42765721264031914,0.49855214722985713
20,2026-02-17T19:00:00+00:00,2,2026-02-18T04:00:00+00:00,9,0.6064150394050438,0.5709675721102748,0.6418625066998128
20,2026-02-17T19:00:00+00:00,2,2026-02-18T05:00:00+00:00,10,0.6758423132605607,0.6403948459657917,0.7112897805553297
20,2026-02-17T19:00:00+00:00,2,2026-02-18T06:00:00+00:00,11,0.9599985189465405,0.9245510516517715,0.9954459862413095
20,2026-02-17T19:00:00+00:00,2,2026-02-18T07:00:00+00:00,12,0.837475627433532,0.802028160138763,0.872923094728301
20,2026-02-17T19:00:00+00:00,2,2026-02-18T08:00:00+00:00,13,0.8358151477900597,0.8003676804952907,0.8712626150848287
20,2026-02-17T19:00:00+00:00,2,2026-02-18T09:00:00+00:00,14,0.8056588244383902,0.7702113571436212,0.8411062917331592
20,2026-02-17T19:00:00+00:00,2,2026-02-18T10:00:00+00:00,15,0.7054405507601109,0.6699930834653419,0.7408880180548799
20,2026-02-17T19:00:00+00:00,2,2026-02-18T11:00:00+00:00,16,0.843434861772911,0.807987394478142,0.87888232906768
20,2026-02-17T19:00:00+00:00,2,2026-02-18T12:00:00+00:00,17,0.8436855165637438,0.8082380492689748,0.8791329838585128
20,2026-02-17T19:00:00+00:00,2,2026-02-18T13:00:00+00:00,18,0.4415647778500638,0.4061173105552948,0.4770122451448328
20,2026-02-17T19:00:00+00:00,2,2026-02-18T14:00:00+00:00,19,0.41543512670846405,0.37998765941369506,0.45088259400323305
20,2026-02-17T19:00:00+00:00,2,2026-02-18T15:00:00+00:00,20,0.2586416120032716,0.22319414470850263,0.2940890792980406
20,2026-02-17T19:00:00+00:00,2,2026-02-18T16:00:00+00:00,21,0.2878117125821042,0.2523642452873352,0.3232591798768732
20,2026-02-17T19:00:00+00:00,2,2026-02-18T17:00:00+00:00,22,0.20846527390883246,0.17301780661406346,0.24391274120360146
20,2026-02-17T19:00:00+00:00,2,2026-02-18T18:00:00+00:00,23,0.21452546716441123,0.17907799986964223,0.24997293445918023
20,2026-02-17T19:00:00+00:00,2,2026-02-18T19:00:00+00:00,24,0.2157052191695371,0.1802577518747681,0.2511526864643061
20,2026-02-17T19:00:00+00:00,2,2026-02-18T20:00:00+00:00,25,0.12705226514228468,0.09160479784751568,0.16249973243705368
20,2026-02-17T19:00:00+00:00,2,2026-02-18T21:00:00+00:00,26,0.11740616286467782,0.08195869556990883,0.1528536301594468
20,2026-02-17T19:00:00+00:00,2,2026-02-18T22:00:00+00:00,27,0.06935998103596808,0.03391251374119908,0.10480744833073707
20,2026-02-17T19:00:00+00:00,2,2026-02-18T23:00:00+00:00,28,0.06655193372209645,0.03110446642732745,0.10199940101686544
20,2026-02-17T19:00:00+00:00,2,2026-02-19T00:00:00+00:00,29,0.11276107921177587,0.07731361191700688,0.14820854650654486
20,2026-02-17T19:00:00+00:00,2,2026-02-19T01:00:00+00:00,30,0.15043831126764007,0.11499084397287107,0.18588577856240907
20,2026-02-17T19:00:00+00:00,2,2026-02-19T02:00:00+00:00,31,0.1677106987852422,0.1322632314904732,0.2031581660800112
20,2026-02-17T19:00:00+00:00,2,2026-02-19T03:00:00+00:00,32,0.15911825971930937,0.12367079242454038,0.19456572701407837
20,2026-02-17T19:00:00+00:00,2,2026-02-19T04:00:00+00:00,33,0.23835582676545952,0.20290835947069052,0.2738032940602285
20,2026-02-17T19:00:00+00:00,2,2026-02-19T05:00:00+00:00,34,0.13714699406718528,0.10169952677241628,0.17259446136195428
20,2026-02-17T19:00:00+00:00,2,2026-02-19T06:00:00+00:00,35,0.2029423354771001,0.1674948681823311,0.2383898027718691
20,2026-02-17T19:00:00+00:00,2,2026-02-19T07:00:00+00:00,36,0.09773736034755778,0.062289893052788786,0.13318482764232678
20,2026-02-17T19:00:00+00:00,2,2026-02-19T08:00:00+00:00,37,0.08926566760124588,0.05381820030647688,0.12471313489601488
20,2026-02-17T19:00:00+00:00,2,2026-02-19T09:00:00+00:00,38,0.09130554317593975,0.055858075881170755,0.12675301047070875
20,2026-02-17T19:00:00+00:00,2,2026-02-19T10:00:00+00:00,39,0.05135179997003882,0.01590433267526982,0.08679926726480781
20,2026-02-17T19:00:00+00:00,2,2026-02-19T11:00:00+00:00,40,0.07192707167761252,0.03647960438284352,0.10737453897238151
20,2026-02-17T19:00:00+00:00,2,2026-02-19T12:00:00+00:00,41,0.02490758974643203,0.0,0.06035505704120103
20,2026-02-17T19:00:00+00:00,2,2026-02-19T13:00:00+00:00,42,0.02883788680058141,0.0,0.06428535409535041
20,2026-02-17T19:00:00+00:00,2,2026-02-19T14:00:00+00:00,43,0.009877713571827668,0.0,0.04532518086659666
20,2026-02-17T19:00:00+00:00,2,2026-02-19T15:00:00+00:00,44,0.011526047014026954,0.0,0.046973514308795955
20,2026-02-17T19:00:00+00:00,2,2026-02-19T16:00:00+00:00,45,0.02883788680058141,0.0,0.06428535409535041
20,2026-02-17T19:00:00+00:00,2,2026-02-19T17:00:00+00:00,46,0.10220091921714786,0.06675345192237886,0.13764838651191685
20,2026-02-17T19:00:00+00:00,2,2026-02-19T18:00:00+00:00,47,0.16629993792950837,0.13085247063473937,0.20174740522427737
21,2026-02-18T19:00:00+00:00,1,2026-02-18T19:00:00+00:00,0,0.13880219478720093,0.09967407854190935,0.17793031103249252
21,2026-02-18T19:00:00+00:00,1,2026-02-18T20:00:00+00:00,1,0.09582181057719863,0.056693694331907046,0.1349499268224902
21,2026-02-18T19:00:00+00:00,1,2026-02-18T21:00:00+00:00,2,0.06252710693943403,0.023398990694142446,0.10165522318472561
21,2026-02-18T19:00:00+00:00,1,2026-02-18T22:00:00+00:00,3,0.08212153014730456,0.04299341390201297,0.12124964639259614
21,2026-02-18T19:00:00+00:00,1,2026-02-18T23:00:00+00:00,4,0.12897471244038128,0.0898465961950897,0.16810282868567286
21,2026-02-18T19:00:00+00:00,1,2026-02-19T00:00:00+00:00,5,0.12317379960966926,0.08404568336437768,0.16230191585496084
21,2026-02-18T19:00:00+00:00,1,2026-02-19T01:00:00+00:00,6,0.07215477772626583,0.033026661480974245,0.11128289397155741
21,2026-02-18T19:00:00+00:00,1,2026-02-19T02:00:00+00:00,7,0.07149981104322077,0.03237169479792919,0.11062792728851235
21,2026-02-18T19:00:00+00:00,1,2026-02-19T03:00:00+00:00,8,0.0680917413395822,0.028963625094290624,0.10721985758487379
21,2026-02-18T19:00:00+00:00,1,2026-02-19T04:00:00+00:00,9,0.1051449219359079,0.06601680569061631,0.14427303818119946
21,2026-02-18T19:00:00+00:00,1,2026-02-19T05:00:00+00:00,10,0.15988835149450412,0.12076023524921253,0.1990164677397957
21,2026-02-18T19:00:00+00:00,1,2026-02-19T06:00:00+00:00,11,0.09029371110351099,0.05116559485821941,0.1294218273488026
21,2026-02-18T19:00:00+00:00,1,2026-02-19T07:00:00+00:00,12,0.11995392944533703,0.08082581320004545,0.15908204569062862
21,2026-02-18T19:00:00+00:00,1,2026-02-19T08:00:00+00:00,13,0.11227533032009548,0.0731472140748039,0.15140344656538707
21,2026-02-18T19:00:00+00:00,1,2026-02-19T09:00:00+00:00,14,0.09339203191784959,0.054263915672558005,0.13252014816314117
21,2026-02-18T19:00:00+00:00,1,2026-02-19T10:00:00+00:00,15,0.06683138757954425,0.02770327133425267,0.10595950382483584
21,2026-02-18T19:00:00+00:00,1,2026-02-19T11:00:00+00:00,16,0.015015149444088976,0.0,0.05414326568938056
21,2026-02-18T19:00:00+00:00,1,2026-02-19T12:00:00+00:00,17,0.013141033338072983,0.0,0.052269149583364566
21,2026-02-18T19:00:00+00:00,1,2026-02-19T13:00:00+00:00,18,0.010000085102853464,0.0,0.04912820134814505
21,2026-02-18T19:00:00+00:00,1,2026-02-19T14:00:00+00:00,19,0.009825565064890853,0.0,0.048953681310182434
21,2026-02-18T19:00:00+00:00,1,2026-02-19T15:00:00+00:00,20,0.08077170996826626,0.04164359372297467,0.11989982621355784
21,2026-02-18T19:00:00+00:00,1,2026-02-19T16:00:00+00:00,21,0.23166753051004765,0.19253941426475607,0.27079564675533924
21,2026-02-18T19:00:00+00:00,1,2026-02-19T17:00:00+00:00,22,0.392852858447021,0.35372474220172945,0.43198097469231256
21,2026-02-18T19:00:00+00:00,1,2026-02-19T18:00:00+00:00,23,0.392852858447021,0.35372474220172945,0.43198097469231256
21,2026-02-18T19:00:00+00:00,1,2026-02-19T19:00:00+00:00,24,0.30328093222188063,0.264152815976589,0.34240904846717224
21,2026-02-18T19:00:00+00:00,1,2026-02-19T20:00:00+00:00,25,0.4670743012169952,0.42794618497170367,0.5062024174622868
21,2026-02-18T19:00:00+00:00,1,2026-02-19T21:00:00+00:00,26,0.3940208260618874,0.3548927098165958,0.43314894230717893
21,2026-02-18T19:00:00+00:00,1,2026-02-19T22:00:00+00:00,27,0.3958656998766724,0.35673758363138086,0.43499381612196397
21,2026-02-18T19:00:00+00:00,1,2026-02-19T23:00:00+00:00,28,0.4708917265376429,0.43176361029235133,0.5100198427829344
21,2026-02-18T19:00:00+00:00,1,2026-02-20T00:00:00+00:00,29,0.5422491942221795,0.503121077976888,0.5813773104674711
21,2026-02-18T19:00:00+00:00,1,2026-02-20T01:00:00+00:00,30,0.5422491942221795,0.503121077976888,0.5813773104674711
21,2026-02-18T19:00:00+00:00,1,2026-02-20T02:00:00+00:00,31,0.4698564039680935,0.4307282877228019,0.508984520213385
21,2026-02-18T19:00:00+00:00,1,2026-02-20T03:00:00+00:00,32,0.3931299390691724,0.3540018228238808,0.43225805531446393
21,2026-02-18T19:00:00+00:00,1,2026-02-20T04:00:00+00:00,33,0.1903144846710145,0.15118636842572292,0.22944260091630608
21,2026-02-18T19:00:00+00:00,1,2026-02-20T05:00:00+00:00,34,0.08974910010797321,0.05062098386268163,0.1288772163532648
21,2026-02-18T19:00:00+00:00,1,2026-02-20T06:00:00+00:00,35,0.07892430108815973,0.03979618484286815,0.11805241733345131
21,2026-02-18T19:00:00+00:00,1,2026-02-20T07:00:00+00:00,36,0.02531196593960102,0.0,0.06444008218489261
21,2026-02-18T19:00:00+00:00,1,2026-02-20T08:00:00+00:00,37,0.014581278038547738,0.0,0.05370939428383932
21,2026-02-18T19:00:00+00:00,1,2026-02-20T09:00:00+00:00,38,0.009849147375253747,0.0,0.04897726362054533
21,2026-02-18T19:00:00+00:00,1,2026-02-20T10:00:00+00:00,39,0.010000085102853464,0.0,0.04912820134814505
21,2026-02-18T19:00:00+00:00,1,2026-02-20T11:00:00+00:00,40,0.009942802218140622,0.0,0.04907091846343221
21,2026-02-18T19:00:00+00:00,1,2026-02-20T12:00:00+00:00,41,0.0752286892288796,0.036100572983588014,0.11435680547417118
21,2026-02-18T19:00:00+00:00,1,2026-02-20T13:00:00+00:00,42,0.3659160756749904,0.32678795942969885,0.40504419192028196
21,2026-02-18T19:00:00+00:00,1,2026-02-20T14:00:00+00:00,43,0.39247207567499043,0.3533439594296989,0.431600191920282
21,2026-02-18T19:00:00+00:00,1,2026-02-20T15:00:00+00:00,44,0.5384317689015317,0.4993036526562401,0.5775598851468232
21,2026-02-18T19:00:00+00:00,1,2026-02-20T16:00:00+00:00,45,0.6073835921074378,0.5682554758621462,0.6465117083527293
21,2026-02-18T19:00:00+00:00,1,2026-02-20T17:00:00+00:00,46,0.5795222392630004,0.5403941230177088,0.618650355508292
21,2026-02-18T19:00:00+00:00,1,2026-02-20T18:00:00+00:00,47,0.49045548031639086,0.4513273640710993,0.5295835965616824
21,2026-02-18T19:00:00+00:00,2,2026-02-18T19:00:00+00:00,0,0.13857249015304496,0.10312502285827596,0.17401995744781396
21,2026-02-18T19:00:00+00:00,2,2026-02-18T20:00:00+00:00,1,0.08402190614566885,0.04857443885089985,0.11946937344043784
21,2026-02-18T19:00:00+00:00,2,2026-02-18T21:00:00+00:00,2,0.05559280016050616,0.020145332865737164,0.09104026745527516
21,2026-02-18T19:00:00+00:00,2,2026-02-18T22:00:00+00:00,3,0.07441473735661347,0.03896727006184447,0.10986220465138247
21,2026-02-18T19:00:00+00:00,2,2026-02-18T23:00:00+00:00,4,0.11786891531750886,0.08242144802273986,0.15331638261227787
21,2026-02-18T19:00:00+00:00,2,2026-02-19T00:00:00+00:00,5,0.09968846818129166,0.06424100088652267,0.13513593547606068
21,2026-02-18T19:00:00+00:00,2,2026-02-19T01:00:00+00:00,6,0.06554302830708708,0.030095561012318084,0.10099049560185608
21,2026-02-18T19:00:00+00:00,2,2026-02-19T02:00:00+00:00,7,0.06554302830708708,0.030095561012318084,0.10099049560185608
21,2026-02-18T19:00:00+00:00,2,2026-02-19T03:00:00+00:00,8,0.05444918970878285,0.01900172241401385,0.08989665700355184
21,2026-02-18T19:00:00+00:00,2,2026-02-19T04:00:00+00:00,9,0.09515073593343987,0.05970326863867087,0.13059820322820886
21,2026-02-18T19:00:00+00:00,2,2026-02-19T05:00:00+00:00,10,0.16608658297172452,0.13063911567695552,0.20153405026649351
21,2026-02-18T19:00:00+00:00,2,2026-02-19T06:00:00+00:00,11,0.09277395734276252,0.05732649004799352,0.1282214246375315
21,2026-02-18T19:00:00+00:00,2,2026-02-19T07:00:00+00:00,12,0.11558229127636878,0.08013482398159978,0.15102975857113776
21,2026-02-18T19:00:00+00:00,2,2026-02-19T08:00:00+00:00,13,0.12098005281398382,0.08553258551921482,0.15642752010875283
21,2026-02-18T19:00:00+00:00,2,2026-02-19T09:00:00+00:00,14,0.1041226620219667,0.0686751947271977,0.13957012931673568
21,2026-02-18T19:00:00+00:00,2,2026-02-19T10:00:00+00:00,15,0.06872338730823536,0.03327592001346637,0.10417085460300436
21,2026-02-18T19:00:00+00:00,2,2026-02-19T11:00:00+00:00,16,0.013817025508996985,0.0,0.049264492803765984
21,2026-02-18T19:00:00+00:00,2,2026-02-19T12:00:00+00:00,17,0.011730063119856587,0.0,0.047177530414625586
21,2026-02-18T19:00:00+00:00,2,2026-02-19T13:00:00+00:00,18,0.010000079546339509,0.0,0.04544754684110851
21,2026-02-18T19:00:00+00:00,2,2026-02-19T14:00:00+00:00,19,0.00987055927500162,0.0,0.04531802656977062
21,2026-02-18T19:00:00+00:00,2,2026-02-19T15:00:00+00:00,20,0.0692831807282102,0.0338357134334412,0.1047306480229792
21,2026-02-18T19:00:00+00:00,2,2026-02-19T16:00:00+00:00,21,0.22243114076041998,0.18698367346565098,0.257878608055189
21,2026-02-18T19:00:00+00:00,2,2026-02-19T17:00:00+00:00,22,0.3882322295889851,0.3527847622942161,0.4236796968837541
21,2026-02-18T19:00:00+00:00,2,2026-02-19T18:00:00+00:00,23,0.39008126264516413,0.35463379535039513,0.4255287299399331
21,2026-02-18T19:00:00+00:00,2,2026-02-19T19:00:00+00:00,24,0.27620794477967403,0.24076047748490503,0.31165541207444303
21,2026-02-18T19:00:00+00:00,2,2026-02-19T20:00:00+00:00,25,0.4420315097146113,0.4065840424198423,0.4774789770093803
21,2026-02-18T19:00:00+00:00,2,2026-02-19T21:00:00+00:00,26,0.3884402167921957,0.3529927494974267,0.4238876840869647
21,2026-02-18T19:00:00+00:00,2,2026-02-19T22:00:00+00:00,27,0.3854028895881147,0.3499554222933457,0.4208503568828837
21,2026-02-18T19:00:00+00:00,2,2026-02-19T23:00:00+00:00,28,0.41627851538152794,0.38083104808675894,0.45172598267629693
21,2026-02-18T19:00:00+00:00,2,2026-02-20T00:00:00+00:00,29,0.4968496158478096,0.4614021485530406,0.5322970831425786
21,2026-02-18T19:00:00+00:00,2,2026-02-20T01:00:00+00:00,30,0.4968496158478096,0.4614021485530406,0.5322970831425786
21,2026-02-18T19:00:00+00:00,2,2026-02-20T02:00:00+00:00,31,0.4420315097146113,0.4065840424198423,0.4774789770093803
21,2026-02-18T19:00:00+00:00,2,2026-02-20T03:00:00+00:00,32,0.3854028895881147,0.3499554222933457,0.4208503568828837
21,2026-02-18T19:00:00+00:00,2,2026-02-20T04:00:00+00:00,33,0.18279983906216263,0.14735237176739363,0.21824730635693163
21,2026-02-18T19:00:00+00:00,2,2026-02-20T05:00:00+00:00,34,0.08568036089440687,0.05023289359963787,0.12112782818917586
21,2026-02-18T19:00:00+00:00,2,2026-02-20T06:00:00+00:00,35,0.06908639033491604,0.03363892304014704,0.10453385762968503
21,2026-02-18T19:00:00+00:00,2,2026-02-20T07:00:00+00:00,36,0.030613354443355206,0.0,0.0660608217381242
21,2026-02-18T19:00:00+00:00,2,2026-02-20T08:00:00+00:00,37,0.015393193950629654,0.0,0.050840661245398655
21,2026-02-18T19:00:00+00:00,2,2026-02-20T09:00:00+00:00,38,0.009989046893296185,0.0,0.045436514188065186
21,2026-02-18T19:00:00+00:00,2,2026-02-20T10:00:00+00:00,39,0.010000079546339509,0.0,0.04544754684110851
21,2026-02-18T19:00:00+00:00,2,2026-02-20T11:00:00+00:00,40,0.00985301962078251,0.0,0.04530048691555151
21,2026-02-18T19:00:00+00:00,2,2026-02-20T12:00:00+00:00,41,0.06113682976648796,0.025689362471718963,0.09658429706125696
21,2026-02-18T19:00:00+00:00,2,2026-02-20T13:00:00+00:00,42,0.35884827570521266,0.32340080841044366,0.39429574299998166
21,2026-02-18T19:00:00+00:00,2,2026-02-20T14:00:00+00:00,43,0.3884402167921957,0.3529927494974267,0.4238876840869647
21,2026-02-18T19:00:00+00:00,2,2026-02-20T15:00:00+00:00,44,0.5207849179137953,0.48533745061902633,0.5562323852085643
21,2026-02-18T19:00:00+00:00,2,2026-02-20T16:00:00+00:00,45,0.6064150394050438,0.5709675721102748,0.6418625066998128
21,2026-02-18T19:00:00+00:00,2,2026-02-20T17:00:00+00:00,46,0.5441272741219836,0.5086798068272146,0.5795747414167526
21,2026-02-18T19:00:00+00:00,2,2026-02-20T18:00:00+00:00,47,0.49167498298843465,0.45622751569366565,0.5271224502832037
22,2026-02-19T19:00:00+00:00,1,2026-02-19T19:00:00+00:00,0,0.22681029190673704,0.18768217566144546,0.2659384081520286
22,2026-02-19T19:00:00+00:00,1,2026-02-19T20:00:00+00:00,1,0.27907710486330445,0.23994898861801287,0.31820522110859606
22,2026-02-19T19:00:00+00:00,1,2026-02-19T21:00:00+00:00,2,0.29270187184755186,0.25357375560226025,0.3318299880928435
22,2026-02-19T19:00:00+00:00,1,2026-02-19T22:00:00+00:00,3,0.3348788853526687,0.2957507691073771,0.3740070015979603
22,2026-02-19T19:00:00+00:00,1,2026-02-19T23:00:00+00:00,4,0.39606681665338295,0.3569387004080914,0.4351949328986745
22,2026-02-19T19:00:00+00:00,1,2026-02-20T00:00:00+00:00,5,0.4708917265376429,0.43176361029235133,0.5100198427829344
22,2026-02-19T19:00:00+00:00,1,2026-02-20T01:00:00+00:00,6,0.4468691378336429,0.40774102158835135,0.48599725407893446
22,2026-02-19T19:00:00+00:00,1,2026-02-20T02:00:00+00:00,7,0.49428212835874663,0.4551540121134551,0.5334102446040382
22,2026-02-19T19:00:00+00:00,1,2026-02-20T03:00:00+00:00,8,0.4679548489534323,0.42882673270814076,0.5070829651987239
22,2026-02-19T19:00:00+00:00,1,2026-02-20T04:00:00+00:00,9,0.17067148467101448,0.1315433684257229,0.20979960091630606
22,2026-02-19T19:00:00+00:00,1,2026-02-20T05:00:00+00:00,10,0.11593516989795438,0.0768070536526628,0.15506328614324597
22,2026-02-19T19:00:00+00:00,1,2026-02-20T06:00:00+00:00,11,0.15756958956783812,0.11844147332254654,0.1966977058131297
22,2026-02-19T19:00:00+00:00,1,2026-02-20T07:00:00+00:00,12,0.09847819315205503,0.059350076906763444,0.1376063093973466
22,2026-02-19T19:00:00+00:00,1,2026-02-20T08:00:00+00:00,13,0.06884290742142922,0.029714791176137637,0.1079710236667208
22,2026-02-19T19:00:00+00:00,1,2026-02-20T09:00:00+00:00,14,0.04351793127373116,0.004389815028439575,0.08264604751902274
22,2026-02-19T19:00:00+00:00,1,2026-02-20T10:00:00+00:00,15,0.027276430726916483,0.0,0.06640454697220807
22,2026-02-19T19:00:00+00:00,1,2026-02-20T11:00:00+00:00,16,0.010970200742975705,0.0,0.05009831698826729
22,2026-02-19T19:00:00+00:00,1,2026-02-20T12:00:00+00:00,17,0.00987118808660483,0.0,0.048999304331896414
22,2026-02-19T19:00:00+00:00,1,2026-02-20T13:00:00+00:00,18,0.010000085102853464,0.0,0.04912820134814505
22,2026-02-19T19:00:00+00:00,1,2026-02-20T14:00:00+00:00,19,0.014078485597230097,0.0,0.053206601842521684
22,2026-02-19T19:00:00+00:00,1,2026-02-20T15:00:00+00:00,20,0.1422459987288965,0.10311788248360493,0.1813741149741881
22,2026-02-19T19:00:00+00:00,1,2026-02-20T16:00:00+00:00,21,0.2118626611185431,0.17273454487325152,0.2509907773638347
22,2026-02-19T19:00:00+00:00,1,2026-02-20T17:00:00+00:00,22,0.39210176043879597,0.3529736441935044,0.4312298766840875
22,2026-02-19T19:00:00+00:00,1,2026-02-20T18:00:00+00:00,23,0.4640620150722411,0.42493389882694954,0.5031901313175327
22,2026-02-19T19:00:00+00:00,1,2026-02-20T19:00:00+00:00,24,0.6061973258779745,0.5670692096326829,0.645325442123266
22,2026-02-19T19:00:00+00:00,1,2026-02-20T20:00:00+00:00,25,0.6071780061643148,0.5680498899190233,0.6463061224096064
22,2026-02-19T19:00:00+00:00,1,2026-02-20T21:00:00+00:00,26,0.4919007889185213,0.45277267267322974,0.5310289051638128
22,2026-02-19T19:00:00+00:00,1,2026-02-20T22:00:00+00:00,27,0.36753440768236334,0.3284062914370718,0.4066625239276549
22,2026-02-19T19:00:00+00:00,1,2026-02-20T23:00:00+00:00,28,0.27198594806516724,0.23285783181987565,0.31111406431045885
22,2026-02-19T19:00:00+00:00,1,2026-02-21T00:00:00+00:00,29,0.14264440152615165,0.10351628528086007,0.18177251777144324
22,2026-02-19T19:00:00+00:00,1,2026-02-21T01:00:00+00:00,30,0.04766343064010663,0.008535314394815044,0.08679154688539821
22,2026-02-19T19:00:00+00:00,1,2026-02-21T02:00:00+00:00,31,0.12391208909248053,0.08478397284718894,0.1630402053377721
22,2026-02-19T19:00:00+00:00,1,2026-02-21T03:00:00+00:00,32,0.09441379037797801,0.055285674132686424,0.1335419066232696
22,2026-02-19T19:00:00+00:00,1,2026-02-21T04:00:00+00:00,33,0.03130920481181303,0.0,0.07043732105710461
22,2026-02-19T19:00:00+00:00,1,2026-02-21T05:00:00+00:00,34,0.010000085102853464,0.0,0.04912820134814505
22,2026-02-19T19:00:00+00:00,1,2026-02-21T06:00:00+00:00,35,0.9795528731497848,0.9404247569044932,1.0
22,2026-02-19T19:00:00+00:00,1,2026-02-21T07:00:00+00:00,36,0.984802359976782,0.9456742437314904,1.0
22,2026-02-19T19:00:00+00:00,1,2026-02-21T08:00:00+00:00,37,0.9818886358875883,0.9427605196422968,1.0
22,2026-02-19T19:00:00+00:00,1,2026-02-21T09:00:00+00:00,38,0.6633231160339028,0.6241949997886113,0.7024512322791944
22,2026-02-19T19:00:00+00:00,1,2026-02-21T10:00:00+00:00,39,0.3640400132417799,0.32491189699648837,0.4031681294870715
22,2026-02-19T19:00:00+00:00,1,2026-02-21T11:00:00+00:00,40,0.09738839003967782,0.05826027379438624,0.13651650628496942
22,2026-02-19T19:00:00+00:00,1,2026-02-21T12:00:00+00:00,41,0.08080033005989033,0.04167221381459875,0.11992844630518192
22,2026-02-19T19:00:00+00:00,1,2026-02-21T13:00:00+00:00,42,0.19634384161519405,0.15721572536990247,0.23547195786048564
22,2026-02-19T19:00:00+00:00,1,2026-02-21T14:00:00+00:00,43,0.3629037895302363,0.3237756732849447,0.40203190577552783
22,2026-02-19T19:00:00+00:00,1,2026-02-21T15:00:00+00:00,44,0.9684861922990002,0.9293580760537087,1.0
22,2026-02-19T19:00:00+00:00,1,2026-02-21T16:00:00+00:00,45,0.9899996311591639,0.9508715149138723,1.0
22,2026-02-19T19:00:00+00:00,1,2026-02-21T17:00:00+00:00,46,0.9684861922990002,0.9293580760537087,1.0
22,2026-02-19T19:00:00+00:00,1,2026-02-21T18:00:00+00:00,47,0.9850209070301481,0.9458927907848566,1.0
22,2026-02-19T19:00:00+00:00,2,2026-02-19T19:00:00+00:00,0,0.20478967214519606,0.16934220485042706,0.24023713943996505
22,2026-02-19T19:00:00+00:00,2,2026-02-19T20:00:00+00:00,1,0.2643449798212502,0.22889751252648122,0.2997924471160192
22,2026-02-19T19:00:00+00:00,2,2026-02-19T21:00:00+00:00,2,0.2745825557052128,0.23913508841044379,0.3100300229999818
22,2026-02-19T19:00:00+00:00,2,2026-02-19T22:00:00+00:00,3,0.3023205557052127,0.2668730884104437,0.3377680229999817
22,2026-02-19T19:00:00+00:00,2,2026-02-19T23:00:00+00:00,4,0.3854028895881147,0.3499554222933457,0.4208503568828837
22,2026-02-19T19:00:00+00:00,2,2026-02-20T00:00:00+00:00,5,0.4420315097146113,0.4065840424198423,0.4774789770093803
22,2026-02-19T19:00:00+00:00,2,2026-02-20T01:00:00+00:00,6,0.41627851538152794,0.38083104808675894,0.45172598267629693
22,2026-02-19T19:00:00+00:00,2,2026-02-20T02:00:00+00:00,7,0.4919897269957019,0.45654225970093293,0.527437194290471
22,2026-02-19T19:00:00+00:00,2,2026-02-20T03:00:00+00:00,8,0.4420315097146113,0.4065840424198423,0.4774789770093803
22,2026-02-19T19:00:00+00:00,2,2026-02-20T04:00:00+00:00,9,0.1740718252704878,0.13862435797571881,0.2095192925652568
22,2026-02-19T19:00:00+00:00,2,2026-02-20T05:00:00+00:00,10,0.10501238088661746,0.06956491359184847,0.14045984818138646
22,2026-02-19T19:00:00+00:00,2,2026-02-20T06:00:00+00:00,11,0.1540622175785965,0.11861475028382751,0.1895096848733655
22,2026-02-19T19:00:00+00:00,2,2026-02-20T07:00:00+00:00,12,0.10197940499310806,0.06653193769833907,0.13742687228787706
22,2026-02-19T19:00:00+00:00,2,2026-02-20T08:00:00+00:00,13,0.06872338730823536,0.03327592001346637,0.10417085460300436
22,2026-02-19T19:00:00+00:00,2,2026-02-20T09:00:00+00:00,14,0.036544903221466966,0.0010974359266979691,0.07199237051623597
22,2026-02-19T19:00:00+00:00,2,2026-02-20T10:00:00+00:00,15,0.02344866669630707,0.0,0.05889613399107607
22,2026-02-19T19:00:00+00:00,2,2026-02-20T11:00:00+00:00,16,0.010901348897353598,0.0,0.0463488161921226
22,2026-02-19T19:00:00+00:00,2,2026-02-20T12:00:00+00:00,17,0.010104986331881262,0.0,0.04555245362665026
22,2026-02-19T19:00:00+00:00,2,2026-02-20T13:00:00+00:00,18,0.010000079546339509,0.0,0.04544754684110851
22,2026-02-19T19:00:00+00:00,2,2026-02-20T14:00:00+00:00,19,0.013754521629153204,0.0,0.049201988923922205
22,2026-02-19T19:00:00+00:00,2,2026-02-20T15:00:00+00:00,20,0.12496664601178081,0.08951917871701182,0.1604141133065498
22,2026-02-19T19:00:00+00:00,2,2026-02-20T16:00:00+00:00,21,0.19093457623448767,0.15548710893971868,0.22638204352925667
22,2026-02-19T19:00:00+00:00,2,2026-02-20T17:00:00+00:00,22,0.3849361577235672,0.3494886904287982,0.4203836250183362
22,2026-02-19T19:00:00+00:00,2,2026-02-20T18:00:00+00:00,23,0.44171676570734403,0.40626929841257503,0.477164233002113
22,2026-02-19T19:00:00+00:00,2,2026-02-20T19:00:00+00:00,24,0.5866062713182032,0.5511588040234342,0.6220537386129722
22,2026-02-19T19:00:00+00:00,2,2026-02-20T20:00:00+00:00,25,0.6064150394050438,0.5709675721102748,0.6418625066998128
22,2026-02-19T19:00:00+00:00,2,2026-02-20T21:00:00+00:00,26,0.49271188290161383,0.45726441560684483,0.5281593501963828
22,2026-02-19T19:00:00+00:00,2,2026-02-20T22:00:00+00:00,27,0.3575885071926652,0.3221410398978962,0.3930359744874342
22,2026-02-19T19:00:00+00:00,2,2026-02-20T23:00:00+00:00,28,0.26664117119144404,0.23119370389667504,0.30208863848621303
22,2026-02-19T19:00:00+00:00,2,2026-02-21T00:00:00+00:00,29,0.11540508562665518,0.07995761833188618,0.1508525529214242
22,2026-02-19T19:00:00+00:00,2,2026-02-21T01:00:00+00:00,30,0.04142089757689819,0.00597343028212919,0.07686836487166718
22,2026-02-19T19:00:00+00:00,2,2026-02-21T02:00:00+00:00,31,0.1001512206341227,0.0647037533393537,0.13559868792889168
22,2026-02-19T19:00:00+00:00,2,2026-02-21T03:00:00+00:00,32,0.08241279154043049,0.046965324245661494,0.11786025883519949
22,2026-02-19T19:00:00+00:00,2,2026-02-21T04:00:00+00:00,33,0.027848362696186398,0.0,0.0632958299909554
22,2026-02-19T19:00:00+00:00,2,2026-02-21T05:00:00+00:00,34,0.010000079546339509,0.0,0.04544754684110851
22,2026-02-19T19:00:00+00:00,2,2026-02-21T06:00:00+00:00,35,0.9683366361789156,0.9328891688841466,1.0
22,2026-02-19T19:00:00+00:00,2,2026-02-21T07:00:00+00:00,36,0.9706986049911583,0.9352511376963893,1.0
22,2026-02-19T19:00:00+00:00,2,2026-02-21T08:00:00+00:00,37,0.9701641603611755,0.9347166930664065,1.0
22,2026-02-19T19:00:00+00:00,2,2026-02-21T09:00:00+00:00,38,0.6354545688727236,0.6000071015779546,0.6709020361674926
22,2026-02-19T19:00:00+00:00,2,2026-02-21T10:00:00+00:00,39,0.3882322295889851,0.3527847622942161,0.4236796968837541
22,2026-02-19T19:00:00+00:00,2,2026-02-21T11:00:00+00:00,40,0.09758625140114785,0.06213878410637885,0.13303371869591685
22,2026-02-19T19:00:00+00:00,2,2026-02-21T12:00:00+00:00,41,0.06684766526050225,0.03140019796573325,0.10229513255527124
22,2026-02-19T19:00:00+00:00,2,2026-02-21T13:00:00+00:00,42,0.18534809606265407,0.14990062876788507,0.22079556335742306
22,2026-02-19T19:00:00+00:00,2,2026-02-21T14:00:00+00:00,43,0.38465705027556724,0.34920958298079824,0.42010451757033623
22,2026-02-19T19:00:00+00:00,2,2026-02-21T15:00:00+00:00,44,0.9599914747868152,0.9245440074920462,0.9954389420815842
22,2026-02-19T19:00:00+00:00,2,2026-02-21T16:00:00+00:00,45,0.9699996621006299,0.9345521948058609,1.0
22,2026-02-19T19:00:00+00:00,2,2026-02-21T17:00:00+00:00,46,0.9599914747868152,0.9245440074920462,0.9954389420815842
22,2026-02-19T19:00:00+00:00,2,2026-02-21T18:00:00+00:00,47,0.9681809457750044,0.9327334784802354,1.0
23,2026-02-20T19:00:00+00:00,1,2026-02-20T19:00:00+00:00,0,0.6071780061643148,0.5680498899190233,0.6463061224096064
23,2026-02-20T19:00:00+00:00,1,2026-02-20T20:00:00+00:00,1,0.6061973258779745,0.5670692096326829,0.645325442123266
23,2026-02-20T19:00:00+00:00,1,2026-02-20T21:00:00+00:00,2,0.48961386230672255,0.450485746061431,0.5287419785520141
23,2026-02-20T19:00:00+00:00,1,2026-02-20T22:00:00+00:00,3,0.39409040768236336,0.3549622914370718,0.4332185239276549
23,2026-02-20T19:00:00+00:00,1,2026-02-20T23:00:00+00:00,4,0.36773552445907387,0.3286074082137823,0.4068636407043654
23,2026-02-20T19:00:00+00:00,1,2026-02-21T00:00:00+00:00,5,0.27317872417652717,0.23405060793123558,0.3123068404218188
23,2026-02-20T19:00:00+00:00,1,2026-02-21T01:00:00+00:00,6,0.18150564259897695,0.14237752635368536,0.22063375884426853
23,2026-02-20T19:00:00+00:00,1,2026-02-21T02:00:00+00:00,7,0.1369987143311204,0.09787059808582882,0.17612683057641199
23,2026-02-20T19:00:00+00:00,1,2026-02-21T03:00:00+00:00,8,0.11239806160327143,0.07326994535797984,0.151526177848563
23,2026-02-20T19:00:00+00:00,1,2026-02-21T04:00:00+00:00,9,0.009523427524991425,0.0,0.04865154377028301
23,2026-02-20T19:00:00+00:00,1,2026-02-21T05:00:00+00:00,10,0.19348307661283873,0.15435496036754714,0.2326111928581303
23,2026-02-20T19:00:00+00:00,1,2026-02-21T06:00:00+00:00,11,0.9723676411203895,0.933239524875098,1.0
23,2026-02-20T19:00:00+00:00,1,2026-02-21T07:00:00+00:00,12,0.9795528731497848,0.9404247569044932,1.0
23,2026-02-20T19:00:00+00:00,1,2026-02-21T08:00:00+00:00,13,0.9899996311591639,0.9508715149138723,1.0
23,2026-02-20T19:00:00+00:00,1,2026-02-21T09:00:00+00:00,14,0.9898681369737542,0.9507400207284626,1.0
23,2026-02-20T19:00:00+00:00,1,2026-02-21T10:00:00+00:00,15,0.743050139390727,0.7039220231454354,0.7821782556360185
23,2026-02-20T19:00:00+00:00,1,2026-02-21T11:00:00+00:00,16,0.46429080311307014,0.4251626868677786,0.5034189193583617
23,2026-02-20T19:00:00+00:00,1,2026-02-21T12:00:00+00:00,17,0.25739849201280735,0.21827037576751576,0.29652660825809896
23,2026-02-20T19:00:00+00:00,1,2026-02-21T13:00:00+00:00,18,0.06651637379812438,0.027388257552832793,0.10564449004341596
23,2026-02-20T19:00:00+00:00,1,2026-02-21T14:00:00+00:00,19,0.03477442962971004,0.0,0.07390254587500161
23,2026-02-20T19:00:00+00:00,1,2026-02-21T15:00:00+00:00,20,0.11190420293645328,0.0727760866911617,0.15103231918174487
23,2026-02-20T19:00:00+00:00,1,2026-02-21T16:00:00+00:00,21,0.4151997451879811,0.37607162894268953,0.45432786143327264
23,2026-02-20T19:00:00+00:00,1,2026-02-21T17:00:00+00:00,22,0.6266653386302892,0.5875372223849976,0.6657934548755807
23,2026-02-20T19:00:00+00:00,1,2026-02-21T18:00:00+00:00,23,0.48784242757757046,0.4487143113322789,0.526970543822862
23,2026-02-20T19:00:00+00:00,1,2026-02-21T19:00:00+00:00,24,0.4412764203186862,0.40214830407339464,0.48040453656397775
23,2026-02-20T19:00:00+00:00,1,2026-02-21T20:00:00+00:00,25,0.4893840525782994,0.45025593633300787,0.528512168823591
23,2026-02-20T19:00:00+00:00,1,2026-02-21T21:00:00+00:00,26,0.3284647083226771,0.2893365920773855,0.3675928245679687
23,2026-02-20T19:00:00+00:00,1,2026-02-21T22:00:00+00:00,27,0.09181129379664686,0.05268317755135528,0.13093941004193843
23,2026-02-20T19:00:00+00:00,1,2026-02-21T23:00:00+00:00,28,0.009728938797916954,0.0,0.04885705504320854
23,2026-02-20T19:00:00+00:00,1,2026-02-22T00:00:00+00:00,29,0.010000085102853464,0.0,0.04912820134814505
23,2026-02-20T19:00:00+00:00,1,2026-02-22T01:00:00+00:00,30,0.010000085102853464,0.0,0.04912820134814505
23,2026-02-20T19:00:00+00:00,1,2026-02-22T02:00:00+00:00,31,0.010000085102853464,0.0,0.04912820134814505
23,2026-02-20T19:00:00+00:00,1,2026-02-22T03:00:00+00:00,32,0.010000085102853464,0.0,0.04912820134814505
23,2026-02-20T19:00:00+00:00,1,2026-02-22T04:00:00+00:00,33,0.010000085102853464,0.0,0.04912820134814505
23,2026-02-20T19:00:00+00:00,1,2026-02-22T05:00:00+00:00,34,0.013150627570242691,0.0,0.052278743815534275
23,2026-02-20T19:00:00+00:00,1,2026-02-22T06:00:00+00:00,35,0.09715010528481235,0.05802198903952077,0.13627822153010394
23,2026-02-20T19:00:00+00:00,1,2026-02-22T07:00:00+00:00,36,0.3355098932288102,0.29638177698351864,0.37463800947410175
23,2026-02-20T19:00:00+00:00,1,2026-02-22T08:00:00+00:00,37,0.5138617737841675,0.474733657538876,0.5529898900294591
23,2026-02-20T19:00:00+00:00,1,2026-02-22T09:00:00+00:00,38,0.5786360654760385,0.539507949230747,0.6177641817213301
23,2026-02-20T19:00:00+00:00,1,2026-02-22T10:00:00+00:00,39,0.5786360654760385,0.539507949230747,0.6177641817213301
23,2026-02-20T19:00:00+00:00,1,2026-02-22T11:00:00+00:00,40,0.4892431804024072,0.45011506415711566,0.5283712966476988
23,2026-02-20T19:00:00+00:00,1,2026-02-22T12:00:00+00:00,41,0.49152864569927246,0.4524005294539809,0.530656761944564
23,2026-02-20T19:00:00+00:00,1,2026-02-22T13:00:00+00:00,42,0.2232634503594403,0.18413533411414873,0.2623915666047319
23,2026-02-20T19:00:00+00:00,1,2026-02-22T14:00:00+00:00,43,0.07501399114380355,0.03588587489851197,0.11414210738909514
23,2026-02-20T19:00:00+00:00,1,2026-02-22T15:00:00+00:00,44,0.04540186683654038,0.0062737505912487945,0.08452998308183196
23,2026-02-20T19:00:00+00:00,1,2026-02-22T16:00:00+00:00,45,0.04209997071520654,0.002971854469914957,0.08122808696049813
23,2026-02-20T19:00:00+00:00,1,2026-02-22T17:00:00+00:00,46,0.05254303134497457,0.013414915099682984,0.09167114759026615
23,2026-02-20T19:00:00+00:00,1,2026-02-22T18:00:00+00:00,47,0.08645681431423592,0.04732869806894434,0.12558493055952752
23,2026-02-20T19:00:00+00:00,2,2026-02-20T19:00:00+00:00,0,0.6064150394050438,0.5709675721102748,0.6418625066998128
23,2026-02-20T19:00:00+00:00,2,2026-02-20T20:00:00+00:00,1,0.5866062713182032,0.5511588040234342,0.6220537386129722
23,2026-02-20T19:00:00+00:00,2,2026-02-20T21:00:00+00:00,2,0.4668377625597312,0.4313902952649622,0.5022852298545002
23,2026-02-20T19:00:00+00:00,2,2026-02-20T22:00:00+00:00,3,0.38612942652322985,0.35068195922846085,0.42157689381799884
23,2026-02-20T19:00:00+00:00,2,2026-02-20T23:00:00+00:00,4,0.3575885071926652,0.3221410398978962,0.3930359744874342
23,2026-02-20T19:00:00+00:00,2,2026-02-21T00:00:00+00:00,5,0.25856005917550445,0.22311259188073546,0.29400752647027345
23,2026-02-20T19:00:00+00:00,2,2026-02-21T01:00:00+00:00,6,0.16157998100950188,0.12613251371473289,0.19702744830427088
23,2026-02-20T19:00:00+00:00,2,2026-02-21T02:00:00+00:00,7,0.11540508562665518,0.07995761833188618,0.1508525529214242
23,2026-02-20T19:00:00+00:00,2,2026-02-21T03:00:00+00:00,8,0.08808128895243142,0.05263382165766242,0.12352875624720042
23,2026-02-20T19:00:00+00:00,2,2026-02-21T04:00:00+00:00,9,0.00987055927500162,0.0,0.04531802656977062
23,2026-02-20T19:00:00+00:00,2,2026-02-21T05:00:00+00:00,10,0.19171110201077618,0.15626363471600718,0.22715856930554518
23,2026-02-20T19:00:00+00:00,2,2026-02-21T06:00:00+00:00,11,0.9587725528732314,0.9233250855784624,0.9942200201680004
23,2026-02-20T19:00:00+00:00,2,2026-02-21T07:00:00+00:00,12,0.9644194571124756,0.9289719898177066,0.9998669244072446
23,2026-02-20T19:00:00+00:00,2,2026-02-21T08:00:00+00:00,13,0.9699996621006299,0.9345521948058609,1.0
23,2026-02-20T19:00:00+00:00,2,2026-02-21T09:00:00+00:00,14,0.9703922070912447,0.9349447397964757,1.0
23,2026-02-20T19:00:00+00:00,2,2026-02-21T10:00:00+00:00,15,0.713863536647996,0.678416069353227,0.749311003942765
23,2026-02-20T19:00:00+00:00,2,2026-02-21T11:00:00+00:00,16,0.41627851538152794,0.38083104808675894,0.45172598267629693
23,2026-02-20T19:00:00+00:00,2,2026-02-21T12:00:00+00:00,17,0.2516882421556314,0.2162407748608624,0.2871357094504004
23,2026-02-20T19:00:00+00:00,2,2026-02-21T13:00:00+00:00,18,0.054643000306883946,0.01919553301211495,0.09009046760165294
23,2026-02-20T19:00:00+00:00,2,2026-02-21T14:00:00+00:00,19,0.03450954130640523,0.0,0.06995700860117424
23,2026-02-20T19:00:00+00:00,2,2026-02-21T15:00:00+00:00,20,0.09910261519477673,0.06365514790000773,0.13455008248954572
23,2026-02-20T19:00:00+00:00,2,2026-02-21T16:00:00+00:00,21,0.38783512670846404,0.35238765941369504,0.42328259400323304
23,2026-02-20T19:00:00+00:00,2,2026-02-21T17:00:00+00:00,22,0.6072326498258991,0.5717851825311301,0.6426801171206681
23,2026-02-20T19:00:00+00:00,2,2026-02-21T18:00:00+00:00,23,0.4668377625597312,0.4313902952649622,0.5022852298545002
23,2026-02-20T19:00:00+00:00,2,2026-02-21T19:00:00+00:00,24,0.41543512670846405,0.37998765941369506,0.45088259400323305
23,2026-02-20T19:00:00+00:00,2,2026-02-21T20:00:00+00:00,25,0.4855482369514259,0.4501007696566569,0.5209957042461949
23,2026-02-20T19:00:00+00:00,2,2026-02-21T21:00:00+00:00,26,0.2838229097876094,0.24837544249284038,0.3192703770823784
23,2026-02-20T19:00:00+00:00,2,2026-02-21T22:00:00+00:00,27,0.09171890045939071,0.056271433164621715,0.1271663677541597
23,2026-02-20T19:00:00+00:00,2,2026-02-21T23:00:00+00:00,28,0.009740790291986143,0.0,0.04518825758675514
23,2026-02-20T19:00:00+00:00,2,2026-02-22T00:00:00+00:00,29,0.010000079546339509,0.0,0.04544754684110851
23,2026-02-20T19:00:00+00:00,2,2026-02-22T01:00:00+00:00,30,0.010000079546339509,0.0,0.04544754684110851
23,2026-02-20T19:00:00+00:00,2,2026-02-22T02:00:00+00:00,31,0.010000079546339509,0.0,0.04544754684110851
23,2026-02-20T19:00:00+00:00,2,2026-02-22T03:00:00+00:00,32,0.010000079546339509,0.0,0.04544754684110851
23,2026-02-20T19:00:00+00:00,2,2026-02-22T04:00:00+00:00,33,0.009992367862838358,0.0,0.045439835157607356
23,2026-02-20T19:00:00+00:00,2,2026-02-22T05:00:00+00:00,34,0.012014969785578944,0.0,0.04746243708034794
23,2026-02-20T19:00:00+00:00,2,2026-02-22T06:00:00+00:00,35,0.09344183743740098,0.05799437014263198,0.12888930473216997
23,2026-02-20T19:00:00+00:00,2,2026-02-22T07:00:00+00:00,36,0.33092055570521267,0.2954730884104437,0.36636802299998167
23,2026-02-20T19:00:00+00:00,2,2026-02-22T08:00:00+00:00,37,0.4937031496658495,0.4582556823710805,0.5291506169606185
23,2026-02-20T19:00:00+00:00,2,2026-02-22T09:00:00+00:00,38,0.56589902748491,0.5304515601901411,0.601346494779679
23,2026-02-20T19:00:00+00:00,2,2026-02-22T10:00:00+00:00,39,0.56589902748491,0.5304515601901411,0.601346494779679
23,2026-02-20T19:00:00+00:00,2,2026-02-22T11:00:00+00:00,40,0.4934637218354404,0.4580162545406714,0.5289111891302094
23,2026-02-20T19:00:00+00:00,2,2026-02-22T12:00:00+00:00,41,0.46757809476213796,0.43213062746736897,0.503025562056907
23,2026-02-20T19:00:00+00:00,2,2026-02-22T13:00:00+00:00,42,0.22807734060824608,0.19262987331347708,0.2635248079030151
23,2026-02-20T19:00:00+00:00,2,2026-02-22T14:00:00+00:00,43,0.06927965902535277,0.03383219173058377,0.10472712632012177
23,2026-02-20T19:00:00+00:00,2,2026-02-22T15:00:00+00:00,44,0.04142089757689819,0.00597343028212919,0.07686836487166718
23,2026-02-20T19:00:00+00:00,2,2026-02-22T16:00:00+00:00,45,0.037815021522025205,0.002367554227256208,0.0732624888167942
23,2026-02-20T19:00:00+00:00,2,2026-02-22T17:00:00+00:00,46,0.047201934278412995,0.011754466983643998,0.08264940157318199
23,2026-02-20T19:00:00+00:00,2,2026-02-22T18:00:00+00:00,47,0.07380606624339064,0.03835859894862165,0.10925353353815964
24,2026-02-21T19:00:00+00:00,1,2026-02-21T19:00:00+00:00,0,0.011586852839276126,0.0,0.05071496908456771
24,2026-02-21T19:00:00+00:00,1,2026-02-21T20:00:00+00:00,1,0.011203182573695843,0.0,0.05033129881898743
24,2026-02-21T19:00:00+00:00,1,2026-02-21T21:00:00+00:00,2,0.009825486841980483,0.0,0.04895360308727206
24,2026-02-21T19:00:00+00:00,1,2026-02-21T22:00:00+00:00,3,0.010000085102853464,0.0,0.04912820134814505
24,2026-02-21T19:00:00+00:00,1,2026-02-21T23:00:00+00:00,4,0.010000085102853464,0.0,0.04912820134814505
24,2026-02-21T19:00:00+00:00,1,2026-02-22T00:00:00+00:00,5,0.010000085102853464,0.0,0.04912820134814505
24,2026-02-21T19:00:00+00:00,1,2026-02-22T01:00:00+00:00,6,0.010000085102853464,0.0,0.04912820134814505
24,2026-02-21T19:00:00+00:00,1,2026-02-22T02:00:00+00:00,7,0.009779362061952193,0.0,0.048907478307243776
24,2026-02-21T19:00:00+00:00,1,2026-02-22T03:00:00+00:00,8,0.024498225879389948,0.0,0.06362634212468153
24,2026-02-21T19:00:00+00:00,1,2026-02-22T04:00:00+00:00,9,0.10443728751184478,0.0653091712665532,0.14356540375713636
24,2026-02-21T19:00:00+00:00,1,2026-02-22T05:00:00+00:00,10,0.287735442203826,0.24860732595853444,0.32686355844911763
24,2026-02-21T19:00:00+00:00,1,2026-02-22T06:00:00+00:00,11,0.5573292717150025,0.5182011554697109,0.596457387960294
24,2026-02-21T19:00:00+00:00,1,2026-02-22T07:00:00+00:00,12,0.7110402966444036,0.671912180399112,0.7501684128896952
24,2026-02-21T19:00:00+00:00,1,2026-02-22T08:00:00+00:00,13,0.7110402966444036,0.671912180399112,0.7501684128896952
24,2026-02-21T19:00:00+00:00,1,2026-02-22T09:00:00+00:00,14,0.6050348814268576,0.565906765181566,0.6441629976721491
24,2026-02-21T19:00:00+00:00,1,2026-02-22T10:00:00+00:00,15,0.5361749236962907,0.49704680745099916,0.5753030399415823
24,2026-02-21T19:00:00+00:00,1,2026-02-22T11:00:00+00:00,16,0.4869562537906085,0.4478281375453169,0.5260843700359
24,2026-02-21T19:00:00+00:00,1,2026-02-22T12:00:00+00:00,17,0.4671029213086193,0.42797480506332775,0.5062310375539109
24,2026-02-21T19:00:00+00:00,1,2026-02-22T13:00:00+00:00,18,0.21586599015167532,0.17673787390638374,0.2549941063969669
24,2026-02-21T19:00:00+00:00,1,2026-02-22T14:00:00+00:00,19,0.0500577952064815,0.010929678961189918,0.08918591145177308
24,2026-02-21T19:00:00+00:00,1,2026-02-22T15:00:00+00:00,20,0.02494687175052175,0.0,0.06407498799581333
24,2026-02-21T19:00:00+00:00,1,2026-02-22T16:00:00+00:00,21,0.010305654228503349,0.0,0.049433770473794936
24,2026-02-21T19:00:00+00:00,1,2026-02-22T17:00:00+00:00,22,0.009812112748989334,0.0,0.04894022899428092
24,2026-02-21T19:00:00+00:00,1,2026-02-22T18:00:00+00:00,23,0.010000085102853464,0.0,0.04912820134814505
24,2026-02-21T19:00:00+00:00,1,2026-02-22T19:00:00+00:00,24,0.009599966606933673,0.0,0.048728082852225255
24,2026-02-21T19:00:00+00:00,1,2026-02-22T20:00:00+00:00,25,0.010000085102853464,0.0,0.04912820134814505
24,2026-02-21T19:00:00+00:00,1,2026-02-22T21:00:00+00:00,26,0.010000085102853464,0.0,0.04912820134814505
24,2026-02-21T19:00:00+00:00,1,2026-02-22T22:00:00+00:00,27,0.010000085102853464,0.0,0.04912820134814505
24,2026-02-21T19:00:00+00:00,1,2026-02-22T23:00:00+00:00,28,0.010000085102853464,0.0,0.04912820134814505
24,2026-02-21T19:00:00+00:00,1,2026-02-23T00:00:00+00:00,29,0.010000085102853464,0.0,0.04912820134814505
24,2026-02-21T19:00:00+00:00,1,2026-02-23T01:00:00+00:00,30,0.011035169573932621,0.0,0.050163285819224204
24,2026-02-21T19:00:00+00:00,1,2026-02-23T02:00:00+00:00,31,0.02050437915857114,0.0,0.05963249540386272
24,2026-02-21T19:00:00+00:00,1,2026-02-23T03:00:00+00:00,32,0.02802001491620626,0.0,0.06714813116149784
24,2026-02-21T19:00:00+00:00,1,2026-02-23T04:00:00+00:00,33,0.02481367989718456,0.0,0.06394179614247614
24,2026-02-21T19:00:00+00:00,1,2026-02-23T05:00:00+00:00,34,0.03666911552476017,0.0,0.07579723177005175
24,2026-02-21T19:00:00+00:00,1,2026-02-23T06:00:00+00:00,35,0.11070563987733963,0.07157752363204804,0.14983375612263122
24,2026-02-21T19:00:00+00:00,1,2026-02-23T07:00:00+00:00,36,0.26437890652727686,0.22525079028198527,0.30350702277256847
24,2026-02-21T19:00:00+00:00,1,2026-02-23T08:00:00+00:00,37,0.32771875868313544,0.2885906424378438,0.36684687492842705
24,2026-02-21T19:00:00+00:00,1,2026-02-23T09:00:00+00:00,38,0.4892431804024072,0.45011506415711566,0.5283712966476988
24,2026-02-21T19:00:00+00:00,1,2026-02-23T10:00:00+00:00,39,0.690732444696659,0.6516043284513674,0.7298605609419505
24,2026-02-21T19:00:00+00:00,1,2026-02-23T11:00:00+00:00,40,0.7439432547335056,0.7048151384882141,0.7830713709787972
24,2026-02-21T19:00:00+00:00,1,2026-02-23T12:00:00+00:00,41,0.8305884241541713,0.7914603079088798,0.8697165403994629
24,2026-02-21T19:00:00+00:00,1,2026-02-23T13:00:00+00:00,42,0.9159942040449308,0.8768660877996393,0.9551223202902224
24,2026-02-21T19:00:00+00:00,1,2026-02-23T14:00:00+00:00,43,0.9255104694645301,0.8863823532192385,0.9646385857098216
24,2026-02-21T19:00:00+00:00,1,2026-02-23T15:00:00+00:00,44,0.925287785122275,0.8861596688769835,0.9644159013675666
24,2026-02-21T19:00:00+00:00,1,2026-02-23T16:00:00+00:00,45,0.9057507894161146,0.8666226731708231,0.9448789056614062
24,2026-02-21T19:00:00+00:00,1,2026-02-23T17:00:00+00:00,46,0.9057507894161146,0.8666226731708231,0.9448789056614062
24,2026-02-21T19:00:00+00:00,1,2026-02-23T18:00:00+00:00,47,0.8670936392658678,0.8279655230205762,0.9062217555111594
24,2026-02-21T19:00:00+00:00,2,2026-02-21T19:00:00+00:00,0,0.009983998064540188,0.0,0.045431465359309184
24,2026-02-21T19:00:00+00:00,2,2026-02-21T20:00:00+00:00,1,0.01027327476146396,0.0,0.04572074205623296
24,2026-02-21T19:00:00+00:00,2,2026-02-21T21:00:00+00:00,2,0.009902651069165023,0.0,0.04535011836393402
24,2026-02-21T19:00:00+00:00,2,2026-02-21T22:00:00+00:00,3,0.010000079546339509,0.0,0.04544754684110851
24,2026-02-21T19:00:00+00:00,2,2026-02-21T23:00:00+00:00,4,0.010000079546339509,0.0,0.04544754684110851
24,2026-02-21T19:00:00+00:00,2,2026-02-22T00:00:00+00:00,5,0.010000079546339509,0.0,0.04544754684110851
24,2026-02-21T19:00:00+00:00,2,2026-02-22T01:00:00+00:00,6,0.010000079546339509,0.0,0.04544754684110851
24,2026-02-21T19:00:00+00:00,2,2026-02-22T02:00:00+00:00,7,0.009915875124255864,0.0,0.04536334241902486
24,2026-02-21T19:00:00+00:00,2,2026-02-22T03:00:00+00:00,8,0.018742844062202803,0.0,0.054190311356971804
24,2026-02-21T19:00:00+00:00,2,2026-02-22T04:00:00+00:00,9,0.09778282499849994,0.06233535770373094,0.13323029229326894
24,2026-02-21T19:00:00+00:00,2,2026-02-22T05:00:00+00:00,10,0.27266060903944406,0.23721314174467506,0.30810807633421305
24,2026-02-21T19:00:00+00:00,2,2026-02-22T06:00:00+00:00,11,0.5444420181292509,0.5089945508344819,0.5798894854240199
24,2026-02-21T19:00:00+00:00,2,2026-02-22T07:00:00+00:00,12,0.7081119810701171,0.6726645137753481,0.7435594483648861
24,2026-02-21T19:00:00+00:00,2,2026-02-22T08:00:00+00:00,13,0.6925423132605608,0.6570948459657918,0.7279897805553298
24,2026-02-21T19:00:00+00:00,2,2026-02-22T09:00:00+00:00,14,0.5869210153254703,0.5514735480307013,0.6223684826202392
24,2026-02-21T19:00:00+00:00,2,2026-02-22T10:00:00+00:00,15,0.5206046897375654,0.48515722244279635,0.5560521570323343
24,2026-02-21T19:00:00+00:00,2,2026-02-22T11:00:00+00:00,16,0.46782902932396686,0.43238156202919786,0.5032764966187359
24,2026-02-21T19:00:00+00:00,2,2026-02-22T12:00:00+00:00,17,0.4420315097146113,0.4065840424198423,0.4774789770093803
24,2026-02-21T19:00:00+00:00,2,2026-02-22T13:00:00+00:00,18,0.21918611018841994,0.18373864289365094,0.25463357748318893
24,2026-02-21T19:00:00+00:00,2,2026-02-22T14:00:00+00:00,19,0.04450178256584091,0.009054315271071915,0.07994924986060992
24,2026-02-21T19:00:00+00:00,2,2026-02-22T15:00:00+00:00,20,0.020680591848561396,0.0,0.0561280591433304
24,2026-02-21T19:00:00+00:00,2,2026-02-22T16:00:00+00:00,21,0.008963850027738961,0.0,0.04441131732250796
24,2026-02-21T19:00:00+00:00,2,2026-02-22T17:00:00+00:00,22,0.010210087643226538,0.0,0.04565755493799553
24,2026-02-21T19:00:00+00:00,2,2026-02-22T18:00:00+00:00,23,0.010000079546339509,0.0,0.04544754684110851
24,2026-02-21T19:00:00+00:00,2,2026-02-22T19:00:00+00:00,24,0.009977039925874575,0.0,0.045424507220643576
24,2026-02-21T19:00:00+00:00,2,2026-02-22T20:00:00+00:00,25,0.010000079546339509,0.0,0.04544754684110851
24,2026-02-21T19:00:00+00:00,2,2026-02-22T21:00:00+00:00,26,0.010000079546339509,0.0,0.04544754684110851
24,2026-02-21T19:00:00+00:00,2,2026-02-22T22:00:00+00:00,27,0.010000079546339509,0.0,0.04544754684110851
24,2026-02-21T19:00:00+00:00,2,2026-02-22T23:00:00+00:00,28,0.010000079546339509,0.0,0.04544754684110851
24,2026-02-21T19:00:00+00:00,2,2026-02-23T00:00:00+00:00,29,0.010000079546339509,0.0,0.04544754684110851
24,2026-02-21T19:00:00+00:00,2,2026-02-23T01:00:00+00:00,30,0.010462478063743572,0.0,0.04590994535851257
24,2026-02-21T19:00:00+00:00,2,2026-02-23T02:00:00+00:00,31,0.01731290187614432,0.0,0.05276036917091331
24,2026-02-21T19:00:00+00:00,2,2026-02-23T03:00:00+00:00,32,0.023358053843577715,0.0,0.05880552113834671
24,2026-02-21T19:00:00+00:00,2,2026-02-23T04:00:00+00:00,33,0.027848362696186398,0.0,0.0632958299909554
24,2026-02-21T19:00:00+00:00,2,2026-02-23T05:00:00+00:00,34,0.03721683289218941,0.0017693655974204137,0.07266430018695841
24,2026-02-21T19:00:00+00:00,2,2026-02-23T06:00:00+00:00,35,0.10374126582057111,0.06829379852580211,0.1391887331153401
24,2026-02-21T19:00:00+00:00,2,2026-02-23T07:00:00+00:00,36,0.2545175821565016,0.2190701148617326,0.2899650494512706
24,2026-02-21T19:00:00+00:00,2,2026-02-23T08:00:00+00:00,37,0.30514989570608314,0.26970242841131414,0.34059736300085214
24,2026-02-21T19:00:00+00:00,2,2026-02-23T09:00:00+00:00,38,0.46825461751910635,0.43280715022433736,0.5037020848138754
24,2026-02-21T19:00:00+00:00,2,2026-02-23T10:00:00+00:00,39,0.6719649882931282,0.6365175209983592,0.7074124555878972
24,2026-02-21T19:00:00+00:00,2,2026-02-23T11:00:00+00:00,40,0.713863536647996,0.678416069353227,0.749311003942765
24,2026-02-21T19:00:00+00:00,2,2026-02-23T12:00:00+00:00,41,0.8024884967719561,0.7670410294771871,0.8379359640667251
24,2026-02-21T19:00:00+00:00,2,2026-02-23T13:00:00+00:00,42,0.9038941187182346,0.8684466514234656,0.9393415860130035
24,2026-02-21T19:00:00+00:00,2,2026-02-23T14:00:00+00:00,43,0.9115255430596121,0.8760780757648431,0.9469730103543811
24,2026-02-21T19:00:00+00:00,2,2026-02-23T15:00:00+00:00,44,0.9126954250145882,0.8772479577198192,0.9481428923093572
24,2026-02-21T19:00:00+00:00,2,2026-02-23T16:00:00+00:00,45,0.90793784500524,0.872490377710471,0.943385312300009
24,2026-02-21T19:00:00+00:00,2,2026-02-23T17:00:00+00:00,46,0.8980255908107206,0.8625781235159516,0.9334730581054896
24,2026-02-21T19:00:00+00:00,2,2026-02-23T18:00:00+00:00,47,0.8531366360212271,0.8176891687264581,0.8885841033159961
25,2026-02-22T19:00:00+00:00,1,2026-02-22T19:00:00+00:00,0,0.009938088307847252,0.0,0.049066204553138835
25,2026-02-22T19:00:00+00:00,1,2026-02-22T20:00:00+00:00,1,0.010000085102853464,0.0,0.04912820134814505
25,2026-02-22T19:00:00+00:00,1,2026-02-22T21:00:00+00:00,2,0.010000085102853464,0.0,0.04912820134814505
25,2026-02-22T19:00:00+00:00,1,2026-02-22T22:00:00+00:00,3,0.010000085102853464,0.0,0.04912820134814505
25,2026-02-22T19:00:00+00:00,1,2026-02-22T23:00:00+00:00,4,0.010000085102853464,0.0,0.04912820134814505
25,2026-02-22T19:00:00+00:00,1,2026-02-23T00:00:00+00:00,5,0.010000085102853464,0.0,0.04912820134814505
25,2026-02-22T19:00:00+00:00,1,2026-02-23T01:00:00+00:00,6,0.02185477323867025,0.0,0.060982889483961834
25,2026-02-22T19:00:00+00:00,1,2026-02-23T02:00:00+00:00,7,0.06706582667702145,0.027937710431729865,0.10619394292231303
25,2026-02-22T19:00:00+00:00,1,2026-02-23T03:00:00+00:00,8,0.08788060390808525,0.048752487662793664,0.12700872015337683
25,2026-02-22T19:00:00+00:00,1,2026-02-23T04:00:00+00:00,9,0.08817406707839721,0.04904595083310563,0.1273021833236888
25,2026-02-22T19:00:00+00:00,1,2026-02-23T05:00:00+00:00,10,0.07328076556582029,0.03415264932052871,0.11240888181111187
25,2026-02-22T19:00:00+00:00,1,2026-02-23T06:00:00+00:00,11,0.0818829974234679,0.042754881178176316,0.12101111366875948
25,2026-02-22T19:00:00+00:00,1,2026-02-23T07:00:00+00:00,12,0.07131620238882955,0.032188086143537964,0.11044431863412113
25,2026-02-22T19:00:00+00:00,1,2026-02-23T08:00:00+00:00,13,0.11191173799698899,0.0727836217516974,0.15103985424228056
25,2026-02-22T19:00:00+00:00,1,2026-02-23T09:00:00+00:00,14,0.28329555429407643,0.24416743804878485,0.32242367053936805
25,2026-02-22T19:00:00+00:00,1,2026-02-23T10:00:00+00:00,15,0.29706159915202596,0.25793348290673435,0.33618971539731757
25,2026-02-22T19:00:00+00:00,1,2026-02-23T11:00:00+00:00,16,0.6060155617131979,0.5668874454679064,0.6451436779584895
25,2026-02-22T19:00:00+00:00,1,2026-02-23T12:00:00+00:00,17,0.7817392543444227,0.7426111380991312,0.8208673705897143
25,2026-02-22T19:00:00+00:00,1,2026-02-23T13:00:00+00:00,18,0.9446237695107428,0.9054956532654512,0.9837518857560343
25,2026-02-22T19:00:00+00:00,1,2026-02-23T14:00:00+00:00,19,0.9446237695107428,0.9054956532654512,0.9837518857560343
25,2026-02-22T19:00:00+00:00,1,2026-02-23T15:00:00+00:00,20,0.9444010851684878,0.9052729689231962,0.9835292014137793
25,2026-02-22T19:00:00+00:00,1,2026-02-23T16:00:00+00:00,21,0.9255607704904659,0.8864326542451744,0.9646888867357575
25,2026-02-22T19:00:00+00:00,1,2026-02-23T17:00:00+00:00,22,0.975784987147222,0.9366568709019304,1.0
25,2026-02-22T19:00:00+00:00,1,2026-02-23T18:00:00+00:00,23,0.8992808848781167,0.8601527686328252,0.9384090011234083
25,2026-02-22T19:00:00+00:00,1,2026-02-23T19:00:00+00:00,24,0.8082002406936578,0.7690721244483663,0.8473283569389494
25,2026-02-22T19:00:00+00:00,1,2026-02-23T20:00:00+00:00,25,0.7471259998091285,0.707997883563837,0.7862541160544201
25,2026-02-22T19:00:00+00:00,1,2026-02-23T21:00:00+00:00,26,0.5989582511319118,0.5598301348866203,0.6380863673772034
25,2026-02-22T19:00:00+00:00,1,2026-02-23T22:00:00+00:00,27,0.600803124946697,0.5616750087014054,0.6399312411919885
25,2026-02-22T19:00:00+00:00,1,2026-02-23T23:00:00+00:00,28,0.6723343398495276,0.6332062236042361,0.7114624560948192
25,2026-02-22T19:00:00+00:00,1,2026-02-24T00:00:00+00:00,29,0.6738432070743177,0.6347150908290261,0.7129713233196092
25,2026-02-22T19:00:00+00:00,1,2026-02-24T01:00:00+00:00,30,0.7003977689279492,0.6612696526826577,0.7395258851732408
25,2026-02-22T19:00:00+00:00,1,2026-02-24T02:00:00+00:00,31,0.6000401339594468,0.5609120177141552,0.6391682502047383
25,2026-02-22T19:00:00+00:00,1,2026-02-24T03:00:00+00:00,32,0.45305218845756434,0.4139240722122728,0.4921803047028559
25,2026-02-22T19:00:00+00:00,1,2026-02-24T04:00:00+00:00,33,0.47576691980284924,0.4366388035575577,0.5148950360481408
25,2026-02-22T19:00:00+00:00,1,2026-02-24T05:00:00+00:00,34,0.4259451511320591,0.38681703488676755,0.46507326737735066
25,2026-02-22T19:00:00+00:00,1,2026-02-24T06:00:00+00:00,35,0.38301649242818403,0.3438883761828925,0.4221446086734756
25,2026-02-22T19:00:00+00:00,1,2026-02-24T07:00:00+00:00,36,0.31777757189468486,0.27864945564939325,0.3569056881399765
25,2026-02-22T19:00:00+00:00,1,2026-02-24T08:00:00+00:00,37,0.20450096309285404,0.16537284684756245,0.24362907933814562
25,2026-02-22T19:00:00+00:00,1,2026-02-24T09:00:00+00:00,38,0.13820521086576104,0.09907709462046946,0.17733332711105262
25,2026-02-22T19:00:00+00:00,1,2026-02-24T10:00:00+00:00,39,0.09046975001631624,0.05134163377102466,0.12959786626160782
25,2026-02-22T19:00:00+00:00,1,2026-02-24T11:00:00+00:00,40,0.05505445573803677,0.01592633949274519,0.09418257198332836
25,2026-02-22T19:00:00+00:00,1,2026-02-24T12:00:00+00:00,41,0.023305793397742226,0.0,0.06243390964303381
25,2026-02-22T19:00:00+00:00,1,2026-02-24T13:00:00+00:00,42,0.011396185539991034,0.0,0.05052430178528262
25,2026-02-22T19:00:00+00:00,1,2026-02-24T14:00:00+00:00,43,0.010000085102853464,0.0,0.04912820134814505
25,2026-02-22T19:00:00+00:00,1,2026-02-24T15:00:00+00:00,44,0.010000085102853464,0.0,0.04912820134814505
25,2026-02-22T19:00:00+00:00,1,2026-02-24T16:00:00+00:00,45,0.007775331302234642,0.0,0.04690344754752623
25,2026-02-22T19:00:00+00:00,1,2026-02-24T17:00:00+00:00,46,0.009794315204516213,0.0,0.0489224314498078
25,2026-02-22T19:00:00+00:00,1,2026-02-24T18:00:00+00:00,47,0.028881370893709103,0.0,0.06800948713900068
25,2026-02-22T19:00:00+00:00,2,2026-02-22T19:00:00+00:00,0,0.009058891460042066,0.0,0.044506358754811064
25,2026-02-22T19:00:00+00:00,2,2026-02-22T20:00:00+00:00,1,0.010000079546339509,0.0,0.04544754684110851
25,2026-02-22T19:00:00+00:00,2,2026-02-22T21:00:00+00:00,2,0.010000079546339509,0.0,0.04544754684110851
25,2026-02-22T19:00:00+00:00,2,2026-02-22T22:00:00+00:00,3,0.010000079546339509,0.0,0.04544754684110851
25,2026-02-22T19:00:00+00:00,2,2026-02-22T23:00:00+00:00,4,0.010000079546339509,0.0,0.04544754684110851
25,2026-02-22T19:00:00+00:00,2,2026-02-23T00:00:00+00:00,5,0.010000079546339509,0.0,0.04544754684110851
25,2026-02-22T19:00:00+00:00,2,2026-02-23T01:00:00+00:00,6,0.016579675734553777,0.0,0.05202714302932278
25,2026-02-22T19:00:00+00:00,2,2026-02-23T02:00:00+00:00,7,0.062282024161345165,0.026834556866576167,0.09772949145611416
25,2026-02-22T19:00:00+00:00,2,2026-02-23T03:00:00+00:00,8,0.07059944922162956,0.03515198192686056,0.10604691651639855
25,2026-02-22T19:00:00+00:00,2,2026-02-23T04:00:00+00:00,9,0.0786998520952179,0.043252384800448906,0.1141473193899869
25,2026-02-22T19:00:00+00:00,2,2026-02-23T05:00:00+00:00,10,0.06610235804025662,0.03065489074548762,0.10154982533502561
25,2026-02-22T19:00:00+00:00,2,2026-02-23T06:00:00+00:00,11,0.07766703825868497,0.04221957096391597,0.11311450555345397
25,2026-02-22T19:00:00+00:00,2,2026-02-23T07:00:00+00:00,12,0.06610235804025662,0.03065489074548762,0.10154982533502561
25,2026-02-22T19:00:00+00:00,2,2026-02-23T08:00:00+00:00,13,0.11549908561714786,0.08005161832237886,0.15094655291191686
25,2026-02-22T19:00:00+00:00,2,2026-02-23T09:00:00+00:00,14,0.27312734090399154,0.23767987360922255,0.30857480819876054
25,2026-02-22T19:00:00+00:00,2,2026-02-23T10:00:00+00:00,15,0.3023205557052127,0.2668730884104437,0.3377680229999817
25,2026-02-22T19:00:00+00:00,2,2026-02-23T11:00:00+00:00,16,0.6067297834123109,0.5712823161175419,0.6421772507070799
25,2026-02-22T19:00:00+00:00,2,2026-02-23T12:00:00+00:00,17,0.758761233981702,0.723313766686933,0.794208701276471
25,2026-02-22T19:00:00+00:00,2,2026-02-23T13:00:00+00:00,18,0.9395509452004109,0.9041034779056419,0.9749984124951799
25,2026-02-22T19:00:00+00:00,2,2026-02-23T14:00:00+00:00,19,0.9308624422157443,0.8954149749209753,0.9663099095105133
25,2026-02-22T19:00:00+00:00,2,2026-02-23T15:00:00+00:00,20,0.932526827884663,0.897079360589894,0.967974295179432
25,2026-02-22T19:00:00+00:00,2,2026-02-23T16:00:00+00:00,21,0.914937468205677,0.879490000910908,0.950384935500446
25,2026-02-22T19:00:00+00:00,2,2026-02-23T17:00:00+00:00,22,0.9646628860808377,0.9292154187860687,1.0
25,2026-02-22T19:00:00+00:00,2,2026-02-23T18:00:00+00:00,23,0.8875577991421677,0.8521103318473987,0.9230052664369367
25,2026-02-22T19:00:00+00:00,2,2026-02-23T19:00:00+00:00,24,0.7915108990210722,0.7560634317263032,0.8269583663158412
25,2026-02-22T19:00:00+00:00,2,2026-02-23T20:00:00+00:00,25,0.7300837232431023,0.6946362559483333,0.7655311905378713
25,2026-02-22T19:00:00+00:00,2,2026-02-23T21:00:00+00:00,26,0.5488630216088526,0.5134155543140836,0.5843104889036216
25,2026-02-22T19:00:00+00:00,2,2026-02-23T22:00:00+00:00,27,0.5701110096306745,0.5346635423359055,0.6055584769254435
25,2026-02-22T19:00:00+00:00,2,2026-02-23T23:00:00+00:00,28,0.6349047378218484,0.5994572705270794,0.6703522051166174
25,2026-02-22T19:00:00+00:00,2,2026-02-24T00:00:00+00:00,29,0.6534711798899207,0.6180237125951517,0.6889186471846896
25,2026-02-22T19:00:00+00:00,2,2026-02-24T01:00:00+00:00,30,0.6775558181278829,0.6421083508331139,0.7130032854226519
25,2026-02-22T19:00:00+00:00,2,2026-02-24T02:00:00+00:00,31,0.5492549878195199,0.5138075205247509,0.5847024551142889
25,2026-02-22T19:00:00+00:00,2,2026-02-24T03:00:00+00:00,32,0.44676463087462864,0.41131716357985965,0.48221209816939764
25,2026-02-22T19:00:00+00:00,2,2026-02-24T04:00:00+00:00,33,0.4489628286445916,0.4135153613498226,0.4844102959393606
25,2026-02-22T19:00:00+00:00,2,2026-02-24T05:00:00+00:00,34,0.3942482926908243,0.3588008253960553,0.4296957599855933
25,2026-02-22T19:00:00+00:00,2,2026-02-24T06:00:00+00:00,35,0.36765436704045484,0.33220689974568585,0.40310183433522384
25,2026-02-22T19:00:00+00:00,2,2026-02-24T07:00:00+00:00,36,0.2838229097876094,0.24837544249284038,0.3192703770823784
25,2026-02-22T19:00:00+00:00,2,2026-02-24T08:00:00+00:00,37,0.21453089795080338,0.17908343065603438,0.24997836524557238
25,2026-02-22T19:00:00+00:00,2,2026-02-24T09:00:00+00:00,38,0.15043831126764007,0.11499084397287107,0.18588577856240907
25,2026-02-22T19:00:00+00:00,2,2026-02-24T10:00:00+00:00,39,0.08402190614566885,0.04857443885089985,0.11946937344043784
25,2026-02-22T19:00:00+00:00,2,2026-02-24T11:00:00+00:00,40,0.051571130568536704,0.016123663273767706,0.08701859786330571
25,2026-02-22T19:00:00+00:00,2,2026-02-24T12:00:00+00:00,41,0.02221741299507079,0.0,0.057664880289839786
25,2026-02-22T19:00:00+00:00,2,2026-02-24T13:00:00+00:00,42,0.00927379784412562,0.0,0.044721265138894614
25,2026-02-22T19:00:00+00:00,2,2026-02-24T14:00:00+00:00,43,0.009992367862838358,0.0,0.045439835157607356
25,2026-02-22T19:00:00+00:00,2,2026-02-24T15:00:00+00:00,44,0.010000079546339509,0.0,0.04544754684110851
25,2026-02-22T19:00:00+00:00,2,2026-02-24T16:00:00+00:00,45,0.008697127943535448,0.0,0.04414459523830445
25,2026-02-22T19:00:00+00:00,2,2026-02-24T17:00:00+00:00,46,0.007437652133832898,0.0,0.042885119428601896
25,2026-02-22T19:00:00+00:00,2,2026-02-24T18:00:00+00:00,47,0.024443537238758802,0.0,0.0598910045335278
26,2026-02-23T19:00:00+00:00,1,2026-02-23T19:00:00+00:00,0,0.7819836196209896,0.7428555033756981,0.8211117358662812
26,2026-02-23T19:00:00+00:00,1,2026-02-23T20:00:00+00:00,1,0.6685169145288797,0.6293887982835882,0.7076450307741713
26,2026-02-23T19:00:00+00:00,1,2026-02-23T21:00:00+00:00,2,0.5789182511319118,0.5397901348866202,0.6180463673772033
26,2026-02-23T19:00:00+00:00,1,2026-02-23T22:00:00+00:00,3,0.4832656891843691,0.4441375729390775,0.5223938054296606
26,2026-02-23T19:00:00+00:00,1,2026-02-23T23:00:00+00:00,4,0.5328526072794291,0.4937244910341375,0.5719807235247206
26,2026-02-23T19:00:00+00:00,1,2026-02-24T00:00:00+00:00,5,0.5328526072794291,0.4937244910341375,0.5719807235247206
26,2026-02-23T19:00:00+00:00,1,2026-02-24T01:00:00+00:00,6,0.4834668059610796,0.44433868971578805,0.5225949222063712
26,2026-02-23T19:00:00+00:00,1,2026-02-24T02:00:00+00:00,7,0.4203553549050313,0.38122723865973973,0.45948347115032284
26,2026-02-23T19:00:00+00:00,1,2026-02-24T03:00:00+00:00,8,0.2709619643566082,0.2318338481113166,0.3100900806018998
26,2026-02-23T19:00:00+00:00,1,2026-02-24T04:00:00+00:00,9,0.2117912757912117,0.17266315954592013,0.25091939203650326
26,2026-02-23T19:00:00+00:00,1,2026-02-24T05:00:00+00:00,10,0.149265912620821,0.11013779637552942,0.1883940288661126
26,2026-02-23T19:00:00+00:00,1,2026-02-24T06:00:00+00:00,11,0.14760954717824204,0.10848143093295046,0.18673766342353362
26,2026-02-23T19:00:00+00:00,1,2026-02-24T07:00:00+00:00,12,0.1964320249660524,0.1573039087207608,0.23556014121134397
26,2026-02-23T19:00:00+00:00,1,2026-02-24T08:00:00+00:00,13,0.1964320249660524,0.1573039087207608,0.23556014121134397
26,2026-02-23T19:00:00+00:00,1,2026-02-24T09:00:00+00:00,14,0.1815501404116841,0.14242202416639252,0.22067825665697569
26,2026-02-23T19:00:00+00:00,1,2026-02-24T10:00:00+00:00,15,0.14323084844041412,0.10410273219512253,0.1823589646857057
26,2026-02-23T19:00:00+00:00,1,2026-02-24T11:00:00+00:00,16,0.08046525188244578,0.0413371356371542,0.11959336812773737
26,2026-02-23T19:00:00+00:00,1,2026-02-24T12:00:00+00:00,17,0.0481089778352406,0.00898086158994902,0.08723709408053218
26,2026-02-23T19:00:00+00:00,1,2026-02-24T13:00:00+00:00,18,0.038642520669529355,0.0,0.07777063691482095
26,2026-02-23T19:00:00+00:00,1,2026-02-24T14:00:00+00:00,19,0.03843114952544238,0.0,0.07755926577073396
26,2026-02-23T19:00:00+00:00,1,2026-02-24T15:00:00+00:00,20,0.02787173794679431,0.0,0.0669998541920859
26,2026-02-23T19:00:00+00:00,1,2026-02-24T16:00:00+00:00,21,0.009278248309866809,0.0,0.04840636455515839
26,2026-02-23T19:00:00+00:00,1,2026-02-24T17:00:00+00:00,22,0.010000085102853464,0.0,0.04912820134814505
26,2026-02-23T19:00:00+00:00,1,2026-02-24T18:00:00+00:00,23,0.008212621214149068,0.0,0.04734073745944065
26,2026-02-23T19:00:00+00:00,1,2026-02-24T19:00:00+00:00,24,0.009091393522595132,0.0,0.04821950976788671
26,2026-02-23T19:00:00+00:00,1,2026-02-24T20:00:00+00:00,25,0.016507540849199434,0.0,0.05563565709449102
26,2026-02-23T19:00:00+00:00,1,2026-02-24T21:00:00+00:00,26,0.033708719015784296,0.0,0.07283683526107587
26,2026-02-23T19:00:00+00:00,1,2026-02-24T22:00:00+00:00,27,0.07475698904468706,0.03562887279939547,0.11388510528997864
26,2026-02-23T19:00:00+00:00,1,2026-02-24T23:00:00+00:00,28,0.1075867453865548,0.06845862914126322,0.14671486163184638
26,2026-02-23T19:00:00+00:00,1,2026-02-25T00:00:00+00:00,29,0.18588763267228717,0.14675951642699558,0.22501574891757875
26,2026-02-23T19:00:00+00:00,1,2026-02-25T01:00:00+00:00,30,0.1422872127865546,0.10315909654126301,0.18141532903184618
26,2026-02-23T19:00:00+00:00,1,2026-02-25T02:00:00+00:00,31,0.20251738434349909,0.1633892680982075,0.24164550058879067
26,2026-02-23T19:00:00+00:00,1,2026-02-25T03:00:00+00:00,32,0.24712531059276602,0.20799719434747443,0.2862534268380576
26,2026-02-23T19:00:00+00:00,1,2026-02-25T04:00:00+00:00,33,0.2536106154924174,0.21448249924712584,0.29273873173770903
26,2026-02-23T19:00:00+00:00,1,2026-02-25T05:00:00+00:00,34,0.3304362093132022,0.2913080930679106,0.36956432555849383
26,2026-02-23T19:00:00+00:00,1,2026-02-25T06:00:00+00:00,35,0.32916153863273095,0.29003342238743934,0.36828965487802257
26,2026-02-23T19:00:00+00:00,1,2026-02-25T07:00:00+00:00,36,0.33174857350585496,0.2926204572605634,0.3708766897511465
26,2026-02-23T19:00:00+00:00,1,2026-02-25T08:00:00+00:00,37,0.26262277013342156,0.22349465388812997,0.30175088637871317
26,2026-02-23T19:00:00+00:00,1,2026-02-25T09:00:00+00:00,38,0.1922917117836349,0.15316359553834333,0.2314198280289265
26,2026-02-23T19:00:00+00:00,1,2026-02-25T10:00:00+00:00,39,0.12800213440337144,0.08887401815807985,0.16713025064866302
26,2026-02-23T19:00:00+00:00,1,2026-02-25T11:00:00+00:00,40,0.13666477491947904,0.09753665867418745,0.17579289116477062
26,2026-02-23T19:00:00+00:00,1,2026-02-25T12:00:00+00:00,41,0.13731668634890593,0.09818857010361434,0.1764448025941975
26,2026-02-23T19:00:00+00:00,1,2026-02-25T13:00:00+00:00,42,0.09678505740280427,0.05765694115751269,0.13591317364809585
26,2026-02-23T19:00:00+00:00,1,2026-02-25T14:00:00+00:00,43,0.13444077771057641,0.09531266146528483,0.173568893955868
26,2026-02-23T19:00:00+00:00,1,2026-02-25T15:00:00+00:00,44,0.1759961703599217,0.13686805411463013,0.2151242866052133
26,2026-02-23T19:00:00+00:00,1,2026-02-25T16:00:00+00:00,45,0.1846516369777616,0.14552352073247002,0.22377975322305318
26,2026-02-23T19:00:00+00:00,1,2026-02-25T17:00:00+00:00,46,0.2752701257232523,0.23614200947796074,0.31439824196854393
26,2026-02-23T19:00:00+00:00,1,2026-02-25T18:00:00+00:00,47,0.32231015597196416,0.28318203972667255,0.3614382722172558
26,2026-02-23T19:00:00+00:00,2,2026-02-23T19:00:00+00:00,0,0.758761233981702,0.723313766686933,0.794208701276471
26,2026-02-23T19:00:00+00:00,2,2026-02-23T20:00:00+00:00,1,0.6352967040325155,0.5998492367377465,0.6707441713272845
26,2026-02-23T19:00:00+00:00,2,2026-02-23T21:00:00+00:00,2,0.5269308933405035,0.4914834260457345,0.5623783606352725
26,2026-02-23T19:00:00+00:00,2,2026-02-23T22:00:00+00:00,3,0.44792339256330366,0.41247592526853466,0.48337085985807265
26,2026-02-23T19:00:00+00:00,2,2026-02-23T23:00:00+00:00,4,0.5016251029166641,0.46617763562189507,0.5370725702114331
26,2026-02-23T19:00:00+00:00,2,2026-02-24T00:00:00+00:00,5,0.47672346460853465,0.44127599731376566,0.5121709319033037
26,2026-02-23T19:00:00+00:00,2,2026-02-24T01:00:00+00:00,6,0.44792339256330366,0.41247592526853466,0.48337085985807265
26,2026-02-23T19:00:00+00:00,2,2026-02-24T02:00:00+00:00,7,0.389377325685879,0.35392985839111,0.424824792980648
26,2026-02-23T19:00:00+00:00,2,2026-02-24T03:00:00+00:00,8,0.26890711523187655,0.23345964793710755,0.30435458252664555
26,2026-02-23T19:00:00+00:00,2,2026-02-24T04:00:00+00:00,9,0.21024612009695687,0.17479865280218787,0.24569358739172587
26,2026-02-23T19:00:00+00:00,2,2026-02-24T05:00:00+00:00,10,0.14144973080936218,0.10600226351459319,0.17689719810413118
26,2026-02-23T19:00:00+00:00,2,2026-02-24T06:00:00+00:00,11,0.15110145214037857,0.11565398484560957,0.18654891943514756
26,2026-02-23T19:00:00+00:00,2,2026-02-24T07:00:00+00:00,12,0.2111972989333985,0.1757498316386295,0.2466447662281675
26,2026-02-23T19:00:00+00:00,2,2026-02-24T08:00:00+00:00,13,0.2111972989333985,0.1757498316386295,0.2466447662281675
26,2026-02-23T19:00:00+00:00,2,2026-02-24T09:00:00+00:00,14,0.17190097748900796,0.13645351019423896,0.20734844478377695
26,2026-02-23T19:00:00+00:00,2,2026-02-24T10:00:00+00:00,15,0.14144973080936218,0.10600226351459319,0.17689719810413118
26,2026-02-23T19:00:00+00:00,2,2026-02-24T11:00:00+00:00,16,0.06778498018796858,0.03233751289319958,0.10323244748273758
26,2026-02-23T19:00:00+00:00,2,2026-02-24T12:00:00+00:00,17,0.04203351636351968,0.006586049068750682,0.07748098365828868
26,2026-02-23T19:00:00+00:00,2,2026-02-24T13:00:00+00:00,18,0.036459392085073566,0.0010119247903045692,0.07190685937984256
26,2026-02-23T19:00:00+00:00,2,2026-02-24T14:00:00+00:00,19,0.035645743568009466,0.00019827627324046915,0.07109321086277846
26,2026-02-23T19:00:00+00:00,2,2026-02-24T15:00:00+00:00,20,0.02665654818146213,0.0,0.06210401547623112
26,2026-02-23T19:00:00+00:00,2,2026-02-24T16:00:00+00:00,21,0.00866949456763836,0.0,0.04411696186240736
26,2026-02-23T19:00:00+00:00,2,2026-02-24T17:00:00+00:00,22,0.010000079546339509,0.0,0.04544754684110851
26,2026-02-23T19:00:00+00:00,2,2026-02-24T18:00:00+00:00,23,0.00832379891576172,0.0,0.04377126621053072
26,2026-02-23T19:00:00+00:00,2,2026-02-24T19:00:00+00:00,24,0.00965704455822556,0.0,0.04510451185299456
26,2026-02-23T19:00:00+00:00,2,2026-02-24T20:00:00+00:00,25,0.01151946851278097,0.0,0.046966935807549966
26,2026-02-23T19:00:00+00:00,2,2026-02-24T21:00:00+00:00,26,0.03145614217951125,0.0,0.06690360947428026
26,2026-02-23T19:00:00+00:00,2,2026-02-24T22:00:00+00:00,27,0.051947359212769016,0.01649989191800002,0.08739482650753802
26,2026-02-23T19:00:00+00:00,2,2026-02-24T23:00:00+00:00,28,0.09040829703444397,0.05496082973967498,0.12585576432921297
26,2026-02-23T19:00:00+00:00,2,2026-02-25T00:00:00+00:00,29,0.16527173823025507,0.12982427093548607,0.20071920552502406
26,2026-02-23T19:00:00+00:00,2,2026-02-25T01:00:00+00:00,30,0.12889589842178004,0.09344843112701104,0.16434336571654903
26,2026-02-23T19:00:00+00:00,2,2026-02-25T02:00:00+00:00,31,0.20463780688832547,0.16919033959355648,0.24008527418309447
26,2026-02-23T19:00:00+00:00,2,2026-02-25T03:00:00+00:00,32,0.23421530518786524,0.19876783789309624,0.26966277248263426
26,2026-02-23T19:00:00+00:00,2,2026-02-25T04:00:00+00:00,33,0.24313412804385184,0.20768666074908285,0.2785815953386208
26,2026-02-23T19:00:00+00:00,2,2026-02-25T05:00:00+00:00,34,0.31242290978760934,0.27697544249284034,0.34787037708237833
26,2026-02-23T19:00:00+00:00,2,2026-02-25T06:00:00+00:00,35,0.32818850719266524,0.29274103989789624,0.36363597448743423
26,2026-02-23T19:00:00+00:00,2,2026-02-25T07:00:00+00:00,36,0.32818850719266524,0.29274103989789624,0.36363597448743423
26,2026-02-23T19:00:00+00:00,2,2026-02-25T08:00:00+00:00,37,0.27266060903944406,0.23721314174467506,0.30810807633421305
26,2026-02-23T19:00:00+00:00,2,2026-02-25T09:00:00+00:00,38,0.18534809606265407,0.14990062876788507,0.22079556335742306
26,2026-02-23T19:00:00+00:00,2,2026-02-25T10:00:00+00:00,39,0.11900171598058672,0.08355424868581772,0.15444918327535573
26,2026-02-23T19:00:00+00:00,2,2026-02-25T11:00:00+00:00,40,0.11786891531750886,0.08242144802273986,0.15331638261227787
26,2026-02-23T19:00:00+00:00,2,2026-02-25T12:00:00+00:00,41,0.11786891531750886,0.08242144802273986,0.15331638261227787
26,2026-02-23T19:00:00+00:00,2,2026-02-25T13:00:00+00:00,42,0.08402190614566885,0.04857443885089985,0.11946937344043784
26,2026-02-23T19:00:00+00:00,2,2026-02-25T14:00:00+00:00,43,0.13121298874084286,0.09576552144607386,0.16666045603561186
26,2026-02-23T19:00:00+00:00,2,2026-02-25T15:00:00+00:00,44,0.1713857400655695,0.1359382727708005,0.2068332073603385
26,2026-02-23T19:00:00+00:00,2,2026-02-25T16:00:00+00:00,45,0.17549127903025452,0.14004381173548552,0.21093874632502352
26,2026-02-23T19:00:00+00:00,2,2026-02-25T17:00:00+00:00,46,0.2506670705085336,0.2152196032137646,0.2861145378033026
26,2026-02-23T19:00:00+00:00,2,2026-02-25T18:00:00+00:00,47,0.2838229097876094,0.24837544249284038,0.3192703770823784
27,2026-02-24T19:00:00+00:00,1,2026-02-24T19:00:00+00:00,0,0.009889978965643087,0.0,0.04901809521093467
27,2026-02-24T19:00:00+00:00,1,2026-02-24T20:00:00+00:00,1,0.009567949998044143,0.0,0.04869606624333572
27,2026-02-24T19:00:00+00:00,1,2026-02-24T21:00:00+00:00,2,0.010000085102853464,0.0,0.04912820134814505
27,2026-02-24T19:00:00+00:00,1,2026-02-24T22:00:00+00:00,3,0.010000085102853464,0.0,0.04912820134814505
27,2026-02-24T19:00:00+00:00,1,2026-02-24T23:00:00+00:00,4,0.009672682214803873,0.0,0.048800798460095454
27,2026-02-24T19:00:00+00:00,1,2026-02-25T00:00:00+00:00,5,0.00984951910996094,0.0,0.04897763535525253
27,2026-02-24T19:00:00+00:00,1,2026-02-25T01:00:00+00:00,6,0.010000085102853464,0.0,0.04912820134814505
27,2026-02-24T19:00:00+00:00,1,2026-02-25T02:00:00+00:00,7,0.009704087894266328,0.0,0.04883220413955791
27,2026-02-24T19:00:00+00:00,1,2026-02-25T03:00:00+00:00,8,0.0095416827800718,0.0,0.048669799025363385
27,2026-02-24T19:00:00+00:00,1,2026-02-25T04:00:00+00:00,9,0.009708168732018959,0.0,0.048836284977310546
27,2026-02-24T19:00:00+00:00,1,2026-02-25T05:00:00+00:00,10,0.010000085102853464,0.0,0.04912820134814505
27,2026-02-24T19:00:00+00:00,1,2026-02-25T06:00:00+00:00,11,0.009311920191314146,0.0,0.04844003643660573
27,2026-02-24T19:00:00+00:00,1,2026-02-25T07:00:00+00:00,12,0.010000085102853464,0.0,0.04912820134814505
27,2026-02-24T19:00:00+00:00,1,2026-02-25T08:00:00+00:00,13,0.009311920191314146,0.0,0.04844003643660573
27,2026-02-24T19:00:00+00:00,1,2026-02-25T09:00:00+00:00,14,0.010000085102853464,0.0,0.04912820134814505
27,2026-02-24T19:00:00+00:00,1,2026-02-25T10:00:00+00:00,15,0.010000085102853464,0.0,0.04912820134814505
27,2026-02-24T19:00:00+00:00,1,2026-02-25T11:00:00+00:00,16,0.010000085102853464,0.0,0.04912820134814505
27,2026-02-24T19:00:00+00:00,1,2026-02-25T12:00:00+00:00,17,0.010000085102853464,0.0,0.04912820134814505
27,2026-02-24T19:00:00+00:00,1,2026-02-25T13:00:00+00:00,18,0.010000085102853464,0.0,0.04912820134814505
27,2026-02-24T19:00:00+00:00,1,2026-02-25T14:00:00+00:00,19,0.010000085102853464,0.0,0.04912820134814505
27,2026-02-24T19:00:00+00:00,1,2026-02-25T15:00:00+00:00,20,0.009643224165730008,0.0,0.04877134041102159
27,2026-02-24T19:00:00+00:00,1,2026-02-25T16:00:00+00:00,21,0.02422874741286743,0.0,0.06335686365815901
27,2026-02-24T19:00:00+00:00,1,2026-02-25T17:00:00+00:00,22,0.08456255989126649,0.045434443645974903,0.12369067613655807
27,2026-02-24T19:00:00+00:00,1,2026-02-25T18:00:00+00:00,23,0.24550984358110442,0.20638172733581284,0.284637959826396
27,2026-02-24T19:00:00+00:00,1,2026-02-25T19:00:00+00:00,24,0.3612300180607554,0.32210190181546383,0.40035813430604694
27,2026-02-24T19:00:00+00:00,1,2026-02-25T20:00:00+00:00,25,0.4863083656151459,0.44718024936985434,0.5254364818604375
27,2026-02-24T19:00:00+00:00,1,2026-02-25T21:00:00+00:00,26,0.44035977397016746,0.4012316577248759,0.479487890215459
27,2026-02-24T19:00:00+00:00,1,2026-02-25T22:00:00+00:00,27,0.22074961685172245,0.18162150060643087,0.259877733097014
27,2026-02-24T19:00:00+00:00,1,2026-02-25T23:00:00+00:00,28,0.24733114340830864,0.20820302716301706,0.2864592596536002
27,2026-02-24T19:00:00+00:00,1,2026-02-26T00:00:00+00:00,29,0.12893153104044763,0.08980341479515605,0.16805964728573922
27,2026-02-24T19:00:00+00:00,1,2026-02-26T01:00:00+00:00,30,0.36504744338140305,0.3259193271361115,0.4041755596266946
27,2026-02-24T19:00:00+00:00,1,2026-02-26T02:00:00+00:00,31,0.39063933561744213,0.3515112193721506,0.4297674518627337
27,2026-02-24T19:00:00+00:00,1,2026-02-26T03:00:00+00:00,32,0.06522694723319564,0.026098830987904054,0.10435506347848722
27,2026-02-24T19:00:00+00:00,1,2026-02-26T04:00:00+00:00,33,0.009706774034659523,0.0,0.04883489027995111
27,2026-02-24T19:00:00+00:00,1,2026-02-26T05:00:00+00:00,34,0.29911267057272467,0.25998455432743306,0.3382407868180163
27,2026-02-24T19:00:00+00:00,1,2026-02-26T06:00:00+00:00,35,0.38570457350585485,0.3465764572605633,0.4248326897511464
27,2026-02-24T19:00:00+00:00,1,2026-02-26T07:00:00+00:00,36,0.13695412868671725,0.09782601244142566,0.17608224493200883
27,2026-02-24T19:00:00+00:00,1,2026-02-26T08:00:00+00:00,37,0.1158190290982101,0.07669091285291851,0.15494714534350168
27,2026-02-24T19:00:00+00:00,1,2026-02-26T09:00:00+00:00,38,0.0437556731838614,0.004627556938569817,0.08288378942915298
27,2026-02-24T19:00:00+00:00,1,2026-02-26T10:00:00+00:00,39,0.0437556731838614,0.004627556938569817,0.08288378942915298
27,2026-02-24T19:00:00+00:00,1,2026-02-26T11:00:00+00:00,40,0.027333094059695855,0.0,0.06646121030498744
27,2026-02-24T19:00:00+00:00,1,2026-02-26T12:00:00+00:00,41,0.4142139863682016,0.37508587012291006,0.45334210261349317
27,2026-02-24T19:00:00+00:00,1,2026-02-26T13:00:00+00:00,42,0.6302731390105764,0.5911450227652848,0.6694012552558679
27,2026-02-24T19:00:00+00:00,1,2026-02-26T14:00:00+00:00,43,0.3677183044201271,0.32859018817483554,0.40684642066541865
27,2026-02-24T19:00:00+00:00,1,2026-02-26T15:00:00+00:00,44,0.34093962007787204,0.3018115038325805,0.3800677363231636
27,2026-02-24T19:00:00+00:00,1,2026-02-26T16:00:00+00:00,45,0.6712742750031556,0.6321461587578641,0.7104023912484472
27,2026-02-24T19:00:00+00:00,1,2026-02-26T17:00:00+00:00,46,0.47861094727811915,0.4394828310328276,0.5177390635234107
27,2026-02-24T19:00:00+00:00,1,2026-02-26T18:00:00+00:00,47,0.41751353664738544,0.3783854204020939,0.456641652892677
27,2026-02-24T19:00:00+00:00,2,2026-02-24T19:00:00+00:00,0,0.009335782628852063,0.0,0.04478324992362106
27,2026-02-24T19:00:00+00:00,2,2026-02-24T20:00:00+00:00,1,0.009915875124255864,0.0,0.04536334241902486
27,2026-02-24T19:00:00+00:00,2,2026-02-24T21:00:00+00:00,2,0.010000079546339509,0.0,0.04544754684110851
27,2026-02-24T19:00:00+00:00,2,2026-02-24T22:00:00+00:00,3,0.010000079546339509,0.0,0.04544754684110851
27,2026-02-24T19:00:00+00:00,2,2026-02-24T23:00:00+00:00,4,0.009992367862838358,0.0,0.045439835157607356
27,2026-02-24T19:00:00+00:00,2,2026-02-25T00:00:00+00:00,5,0.009902651069165023,0.0,0.04535011836393402
27,2026-02-24T19:00:00+00:00,2,2026-02-25T01:00:00+00:00,6,0.010000079546339509,0.0,0.04544754684110851
27,2026-02-24T19:00:00+00:00,2,2026-02-25T02:00:00+00:00,7,0.009915875124255864,0.0,0.04536334241902486
27,2026-02-24T19:00:00+00:00,2,2026-02-25T03:00:00+00:00,8,0.009977039925874575,0.0,0.045424507220643576
27,2026-02-24T19:00:00+00:00,2,2026-02-25T04:00:00+00:00,9,0.009902651069165023,0.0,0.04535011836393402
27,2026-02-24T19:00:00+00:00,2,2026-02-25T05:00:00+00:00,10,0.010000079546339509,0.0,0.04544754684110851
27,2026-02-24T19:00:00+00:00,2,2026-02-25T06:00:00+00:00,11,0.009964969418664184,0.0,0.04541243671343318
27,2026-02-24T19:00:00+00:00,2,2026-02-25T07:00:00+00:00,12,0.009992367862838358,0.0,0.045439835157607356
27,2026-02-24T19:00:00+00:00,2,2026-02-25T08:00:00+00:00,13,0.009915875124255864,0.0,0.04536334241902486
27,2026-02-24T19:00:00+00:00,2,2026-02-25T09:00:00+00:00,14,0.009992367862838358,0.0,0.045439835157607356
27,2026-02-24T19:00:00+00:00,2,2026-02-25T10:00:00+00:00,15,0.010000079546339509,0.0,0.04544754684110851
27,2026-02-24T19:00:00+00:00,2,2026-02-25T11:00:00+00:00,16,0.010000079546339509,0.0,0.04544754684110851
27,2026-02-24T19:00:00+00:00,2,2026-02-25T12:00:00+00:00,17,0.009992367862838358,0.0,0.045439835157607356
27,2026-02-24T19:00:00+00:00,2,2026-02-25T13:00:00+00:00,18,0.010000079546339509,0.0,0.04544754684110851
27,2026-02-24T19:00:00+00:00,2,2026-02-25T14:00:00+00:00,19,0.010000079546339509,0.0,0.04544754684110851
27,2026-02-24T19:00:00+00:00,2,2026-02-25T15:00:00+00:00,20,0.009915875124255864,0.0,0.04536334241902486
27,2026-02-24T19:00:00+00:00,2,2026-02-25T16:00:00+00:00,21,0.02233608565457884,0.0,0.05778355294934784
27,2026-02-24T19:00:00+00:00,2,2026-02-25T17:00:00+00:00,22,0.08108314658796861,0.045635679293199616,0.11653061388273761
27,2026-02-24T19:00:00+00:00,2,2026-02-25T18:00:00+00:00,23,0.2377383179998402,0.2022908507050712,0.2731857852946092
27,2026-02-24T19:00:00+00:00,2,2026-02-25T19:00:00+00:00,24,0.33987867737005184,0.30443121007528284,0.37532614466482084
27,2026-02-24T19:00:00+00:00,2,2026-02-25T20:00:00+00:00,25,0.4570268012375549,0.4215793339427859,0.4924742685323239
27,2026-02-24T19:00:00+00:00,2,2026-02-25T21:00:00+00:00,26,0.39724414932544966,0.36179668203068066,0.43269161662021866
27,2026-02-24T19:00:00+00:00,2,2026-02-25T22:00:00+00:00,27,0.21395412749764764,0.17850666020287864,0.24940159479241664
27,2026-02-24T19:00:00+00:00,2,2026-02-25T23:00:00+00:00,28,0.2276051846150962,0.19215771732032721,0.2630526519098652
27,2026-02-24T19:00:00+00:00,2,2026-02-26T00:00:00+00:00,29,0.12998796425808445,0.09454049696331546,0.16543543155285345
27,2026-02-24T19:00:00+00:00,2,2026-02-26T01:00:00+00:00,30,0.3405858239575528,0.3051383566627838,0.3760332912523218
27,2026-02-24T19:00:00+00:00,2,2026-02-26T02:00:00+00:00,31,0.36765436704045484,0.33220689974568585,0.40310183433522384
27,2026-02-24T19:00:00+00:00,2,2026-02-26T03:00:00+00:00,32,0.051571130568536704,0.016123663273767706,0.08701859786330571
27,2026-02-24T19:00:00+00:00,2,2026-02-26T04:00:00+00:00,33,0.010049061162113328,0.0,0.045496528456882325
27,2026-02-24T19:00:00+00:00,2,2026-02-26T05:00:00+00:00,34,0.29739238599266526,0.26194491869789627,0.33283985328743426
27,2026-02-24T19:00:00+00:00,2,2026-02-26T06:00:00+00:00,35,0.38465705027556724,0.34920958298079824,0.42010451757033623
27,2026-02-24T19:00:00+00:00,2,2026-02-26T07:00:00+00:00,36,0.14232404090382617,0.10687657360905717,0.17777150819859516
27,2026-02-24T19:00:00+00:00,2,2026-02-26T08:00:00+00:00,37,0.1200120146052126,0.0845645473104436,0.1554594818999816
27,2026-02-24T19:00:00+00:00,2,2026-02-26T09:00:00+00:00,38,0.044638099517020934,0.009190632222251936,0.08008556681178994
27,2026-02-24T19:00:00+00:00,2,2026-02-26T10:00:00+00:00,39,0.044638099517020934,0.009190632222251936,0.08008556681178994
27,2026-02-24T19:00:00+00:00,2,2026-02-26T11:00:00+00:00,40,0.028283307511254727,0.0,0.06373077480602372
27,2026-02-24T19:00:00+00:00,2,2026-02-26T12:00:00+00:00,41,0.389377325685879,0.35392985839111,0.424824792980648
27,2026-02-24T19:00:00+00:00,2,2026-02-26T13:00:00+00:00,42,0.6152359758644357,0.5797885085696667,0.6506834431592047
27,2026-02-24T19:00:00+00:00,2,2026-02-26T14:00:00+00:00,43,0.3642840377873978,0.3288365704926288,0.3997315050821668
27,2026-02-24T19:00:00+00:00,2,2026-02-26T15:00:00+00:00,44,0.3646585104058295,0.3292110431110605,0.40010597770059847
27,2026-02-24T19:00:00+00:00,2,2026-02-26T16:00:00+00:00,45,0.652803178654797,0.617355711360028,0.688250645949566
27,2026-02-24T19:00:00+00:00,2,2026-02-26T17:00:00+00:00,46,0.4506978298677189,0.4152503625729499,0.4861452971624879
27,2026-02-24T19:00:00+00:00,2,2026-02-26T18:00:00+00:00,47,0.36455176299029424,0.32910429569552524,0.39999923028506323
28,2026-02-25T19:00:00+00:00,1,2026-02-25T19:00:00+00:00,0,0.5979306641148038,0.5588025478695122,0.6370587803600953
28,2026-02-25T19:00:00+00:00,1,2026-02-25T20:00:00+00:00,1,0.6054085655266197,0.5662804492813281,0.6445366817719113
28,2026-02-25T19:00:00+00:00,1,2026-02-25T21:00:00+00:00,2,0.5805049136407977,0.5413767973955061,0.6196330298860893
28,2026-02-25T19:00:00+00:00,1,2026-02-25T22:00:00+00:00,3,0.3648463266046925,0.32571821035940096,0.4039744428499841
28,2026-02-25T19:00:00+00:00,1,2026-02-25T23:00:00+00:00,4,0.2371732989093664,0.1980451826640748,0.276301415154658
28,2026-02-25T19:00:00+00:00,1,2026-02-26T00:00:00+00:00,5,0.18081309973988755,0.14168498349459596,0.21994121598517913
28,2026-02-25T19:00:00+00:00,1,2026-02-26T01:00:00+00:00,6,0.23933798120548044,0.20020986496018886,0.278466097450772
28,2026-02-25T19:00:00+00:00,1,2026-02-26T02:00:00+00:00,7,0.15662162518674813,0.11749350894145655,0.19574974143203971
28,2026-02-25T19:00:00+00:00,1,2026-02-26T03:00:00+00:00,8,0.3265386481583004,0.2874105319130088,0.365666764403592
28,2026-02-25T19:00:00+00:00,1,2026-02-26T04:00:00+00:00,9,0.20705910319316462,0.16793098694787303,0.2461872194384562
28,2026-02-25T19:00:00+00:00,1,2026-02-26T05:00:00+00:00,10,0.01317443804511272,0.0,0.0523025542904043
28,2026-02-25T19:00:00+00:00,1,2026-02-26T06:00:00+00:00,11,0.7614121577663864,0.7222840415210948,0.8005402740116779
28,2026-02-25T19:00:00+00:00,1,2026-02-26T07:00:00+00:00,12,0.4365068946861149,0.39737877844082337,0.4756350109314065
28,2026-02-25T19:00:00+00:00,1,2026-02-26T08:00:00+00:00,13,0.021652406478362515,0.0,0.0607805227236541
28,2026-02-25T19:00:00+00:00,1,2026-02-26T09:00:00+00:00,14,0.04439412472609845,0.005266008480806869,0.08352224097139004
28,2026-02-25T19:00:00+00:00,1,2026-02-26T10:00:00+00:00,15,0.10559314752262974,0.06646503127733816,0.14472126376792133
28,2026-02-25T19:00:00+00:00,1,2026-02-26T11:00:00+00:00,16,0.1758917532262939,0.13676363698100233,0.2150198694715855
28,2026-02-25T19:00:00+00:00,1,2026-02-26T12:00:00+00:00,17,0.36752424016949614,0.3283961239242046,0.4066523564147877
28,2026-02-25T19:00:00+00:00,1,2026-02-26T13:00:00+00:00,18,0.5081165121404198,0.4689883958951282,0.5472446283857113
28,2026-02-25T19:00:00+00:00,1,2026-02-26T14:00:00+00:00,19,0.48177016326265953,0.442642047017368,0.5208982795079511
28,2026-02-25T19:00:00+00:00,1,2026-02-26T15:00:00+00:00,20,0.4499077196574063,0.4107796034121147,0.48903583590269784
28,2026-02-25T19:00:00+00:00,1,2026-02-26T16:00:00+00:00,21,0.40146401022713796,0.3623358939818464,0.4405921264724295
28,2026-02-25T19:00:00+00:00,1,2026-02-26T17:00:00+00:00,22,0.4547318606288234,0.41560374438353187,0.493859976874115
28,2026-02-25T19:00:00+00:00,1,2026-02-26T18:00:00+00:00,23,0.577897331704193,0.5387692154589014,0.6170254479494846
28,2026-02-25T19:00:00+00:00,1,2026-02-26T19:00:00+00:00,24,0.652295515740421,0.6131673994951294,0.6914236319857126
28,2026-02-25T19:00:00+00:00,1,2026-02-26T20:00:00+00:00,25,0.6972558761137219,0.6581277598684303,0.7363839923590134
28,2026-02-25T19:00:00+00:00,1,2026-02-26T21:00:00+00:00,26,0.7655720075777488,0.7264438913324572,0.8047001238230403
28,2026-02-25T19:00:00+00:00,1,2026-02-26T22:00:00+00:00,27,0.5807631249466969,0.5416350087014054,0.6198912411919885
28,2026-02-25T19:00:00+00:00,1,2026-02-26T23:00:00+00:00,28,0.3689547010689922,0.32982658482370064,0.40808281731428375
28,2026-02-25T19:00:00+00:00,1,2026-02-27T00:00:00+00:00,29,0.3149987010689923,0.27587058482370075,0.35412681731428386
28,2026-02-25T19:00:00+00:00,1,2026-02-27T01:00:00+00:00,30,0.3149987010689923,0.27587058482370075,0.35412681731428386
28,2026-02-25T19:00:00+00:00,1,2026-02-27T02:00:00+00:00,31,0.3057914608605508,0.2666633446152592,0.3449195771058424
28,2026-02-25T19:00:00+00:00,1,2026-02-27T03:00:00+00:00,32,0.23461859570088578,0.1954904794555942,0.2737467119461774
28,2026-02-25T19:00:00+00:00,1,2026-02-27T04:00:00+00:00,33,0.0997073434298804,0.060579227184588816,0.13883545967517197
28,2026-02-25T19:00:00+00:00,1,2026-02-27T05:00:00+00:00,34,0.0630435123850369,0.023915396139745318,0.10217162863032848
28,2026-02-25T19:00:00+00:00,1,2026-02-27T06:00:00+00:00,35,0.0394516132810554,0.0003234970357638145,0.07857972952634698
28,2026-02-25T19:00:00+00:00,1,2026-02-27T07:00:00+00:00,36,0.10456753208620827,0.06543941584091668,0.14369564833149984
28,2026-02-25T19:00:00+00:00,1,2026-02-27T08:00:00+00:00,37,0.1463074983930021,0.10717938214771053,0.1854356146382937
28,2026-02-25T19:00:00+00:00,1,2026-02-27T09:00:00+00:00,38,0.1964320249660524,0.1573039087207608,0.23556014121134397
28,2026-02-25T19:00:00+00:00,1,2026-02-27T10:00:00+00:00,39,0.3811866866148318,0.34205857036954024,0.42031480286012335
28,2026-02-25T19:00:00+00:00,1,2026-02-27T11:00:00+00:00,40,0.524671466404819,0.48554335015952743,0.5637995826501105
28,2026-02-25T19:00:00+00:00,1,2026-02-27T12:00:00+00:00,41,0.4753113969989353,0.43618328075364377,0.5144395132442269
28,2026-02-25T19:00:00+00:00,1,2026-02-27T13:00:00+00:00,42,0.47779238786136513,0.4386642716160736,0.5169205041066567
28,2026-02-25T19:00:00+00:00,1,2026-02-27T14:00:00+00:00,43,0.572280775475354,0.5331526592300625,0.6114088917206456
28,2026-02-25T19:00:00+00:00,1,2026-02-27T15:00:00+00:00,44,0.5510580911330989,0.5119299748878073,0.5901862073783904
28,2026-02-25T19:00:00+00:00,1,2026-02-27T16:00:00+00:00,45,0.35541168381230753,0.3162835675670159,0.39453980005759914
28,2026-02-25T19:00:00+00:00,1,2026-02-27T17:00:00+00:00,46,0.28213099738684755,0.24300288114155597,0.3212591136321391
28,2026-02-25T19:00:00+00:00,1,2026-02-27T18:00:00+00:00,47,0.23426649283166612,0.19513837658637453,0.2733946090769577
28,2026-02-25T19:00:00+00:00,2,2026-02-25T19:00:00+00:00,0,0.5559652336414351,0.5205177663466661,0.5914127009362041
28,2026-02-25T19:00:00+00:00,2,2026-02-25T20:00:00+00:00,1,0.580944607355929,0.54549714006116,0.616392074650698
28,2026-02-25T19:00:00+00:00,2,2026-02-25T21:00:00+00:00,2,0.5378150290408483,0.5023675617460793,0.5732624963356173
28,2026-02-25T19:00:00+00:00,2,2026-02-25T22:00:00+00:00,3,0.3405858239575528,0.3051383566627838,0.3760332912523218
28,2026-02-25T19:00:00+00:00,2,2026-02-25T23:00:00+00:00,4,0.2128398033913554,0.1773923360965864,0.24828727068612438
28,2026-02-25T19:00:00+00:00,2,2026-02-26T00:00:00+00:00,5,0.167795438524323,0.132347971229554,0.203242905819092
28,2026-02-25T19:00:00+00:00,2,2026-02-26T01:00:00+00:00,6,0.21835988543970636,0.18291241814493736,0.25380735273447536
28,2026-02-25T19:00:00+00:00,2,2026-02-26T02:00:00+00:00,7,0.15110145214037857,0.11565398484560957,0.18654891943514756
28,2026-02-25T19:00:00+00:00,2,2026-02-26T03:00:00+00:00,8,0.27896830554493834,0.24352083825016935,0.31441577283970734
28,2026-02-25T19:00:00+00:00,2,2026-02-26T04:00:00+00:00,9,0.20617945390883247,0.17073198661406347,0.24162692120360146
28,2026-02-25T19:00:00+00:00,2,2026-02-26T05:00:00+00:00,10,0.01256720799815178,0.0,0.04801467529292078
28,2026-02-25T19:00:00+00:00,2,2026-02-26T06:00:00+00:00,11,0.7289480627514333,0.6935005954566643,0.7643955300462023
28,2026-02-25T19:00:00+00:00,2,2026-02-26T07:00:00+00:00,12,0.41543512670846405,0.37998765941369506,0.45088259400323305
28,2026-02-25T19:00:00+00:00,2,2026-02-26T08:00:00+00:00,13,0.024609712478274284,0.0,0.060057179773043284
28,2026-02-25T19:00:00+00:00,2,2026-02-26T09:00:00+00:00,14,0.04521433905147326,0.009766871756704265,0.08066180634624226
28,2026-02-25T19:00:00+00:00,2,2026-02-26T10:00:00+00:00,15,0.09974823297659356,0.06430076568182456,0.13519570027136257
28,2026-02-25T19:00:00+00:00,2,2026-02-26T11:00:00+00:00,16,0.17190097748900796,0.13645351019423896,0.20734844478377695
28,2026-02-25T19:00:00+00:00,2,2026-02-26T12:00:00+00:00,17,0.36575641403506043,0.33030894674029143,0.4012038813298294
28,2026-02-25T19:00:00+00:00,2,2026-02-26T13:00:00+00:00,18,0.48250548358976336,0.44705801629499436,0.5179529508845324
28,2026-02-25T19:00:00+00:00,2,2026-02-26T14:00:00+00:00,19,0.4524198869498173,0.4169724196550483,0.48786735424458627
28,2026-02-25T19:00:00+00:00,2,2026-02-26T15:00:00+00:00,20,0.3942482926908243,0.3588008253960553,0.4296957599855933
28,2026-02-25T19:00:00+00:00,2,2026-02-26T16:00:00+00:00,21,0.3666482926908243,0.3312008253960553,0.40209575998559327
28,2026-02-25T19:00:00+00:00,2,2026-02-26T17:00:00+00:00,22,0.45403094460292953,0.41858347730816053,0.48947841189769853
28,2026-02-25T19:00:00+00:00,2,2026-02-26T18:00:00+00:00,23,0.5559652336414351,0.5205177663466661,0.5914127009362041
28,2026-02-25T19:00:00+00:00,2,2026-02-26T19:00:00+00:00,24,0.6146531628424157,0.5792056955476467,0.6501006301371847
28,2026-02-25T19:00:00+00:00,2,2026-02-26T20:00:00+00:00,25,0.6768878168927592,0.6414403495979902,0.7123352841875282
28,2026-02-25T19:00:00+00:00,2,2026-02-26T21:00:00+00:00,26,0.7299985350299987,0.6945510677352297,0.7654460023247677
28,2026-02-25T19:00:00+00:00,2,2026-02-26T22:00:00+00:00,27,0.5492549878195199,0.5138075205247509,0.5847024551142889
28,2026-02-25T19:00:00+00:00,2,2026-02-26T23:00:00+00:00,28,0.3597875434008842,0.3243400761061152,0.3952350106956532
28,2026-02-25T19:00:00+00:00,2,2026-02-27T00:00:00+00:00,29,0.3033190003179822,0.2678715330232132,0.3387664676127512
28,2026-02-25T19:00:00+00:00,2,2026-02-27T01:00:00+00:00,30,0.3033190003179822,0.2678715330232132,0.3387664676127512
28,2026-02-25T19:00:00+00:00,2,2026-02-27T02:00:00+00:00,31,0.26890711523187655,0.23345964793710755,0.30435458252664555
28,2026-02-25T19:00:00+00:00,2,2026-02-27T03:00:00+00:00,32,0.21726114214530784,0.18181367485053884,0.25270860944007684
28,2026-02-25T19:00:00+00:00,2,2026-02-27T04:00:00+00:00,33,0.08203053829320732,0.04658307099843832,0.11747800558797632
28,2026-02-25T19:00:00+00:00,2,2026-02-27T05:00:00+00:00,34,0.058027930933573973,0.022580463638804976,0.09347539822834297
28,2026-02-25T19:00:00+00:00,2,2026-02-27T06:00:00+00:00,35,0.0382340351268478,0.0027865678320788054,0.0736815024216168
28,2026-02-25T19:00:00+00:00,2,2026-02-27T07:00:00+00:00,36,0.09504338452838969,0.05959591723362069,0.13049085182315867
28,2026-02-25T19:00:00+00:00,2,2026-02-27T08:00:00+00:00,37,0.15826755422777772,0.12282008693300872,0.19371502152254672
28,2026-02-25T19:00:00+00:00,2,2026-02-27T09:00:00+00:00,38,0.20229491997917337,0.16684745268440437,0.23774238727394237
28,2026-02-25T19:00:00+00:00,2,2026-02-27T10:00:00+00:00,39,0.3646585104058295,0.3292110431110605,0.40010597770059847
28,2026-02-25T19:00:00+00:00,2,2026-02-27T11:00:00+00:00,40,0.5046790656373668,0.46923159834259776,0.5401265329321358
28,2026-02-25T19:00:00+00:00,2,2026-02-27T12:00:00+00:00,41,0.44792339256330366,0.41247592526853466,0.48337085985807265
28,2026-02-25T19:00:00+00:00,2,2026-02-27T13:00:00+00:00,42,0.47231886004319934,0.43687139274843034,0.5077663273379683
28,2026-02-25T19:00:00+00:00,2,2026-02-27T14:00:00+00:00,43,0.5250829716422698,0.4896355043475008,0.5605304389370388
28,2026-02-25T19:00:00+00:00,2,2026-02-27T15:00:00+00:00,44,0.5243016436646453,0.48885417636987627,0.5597491109594143
28,2026-02-25T19:00:00+00:00,2,2026-02-27T16:00:00+00:00,45,0.3534758698008898,0.3180284025061208,0.3889233370956588
28,2026-02-25T19:00:00+00:00,2,2026-02-27T17:00:00+00:00,46,0.2628337954318821,0.22738632813711313,0.2982812627266511
28,2026-02-25T19:00:00+00:00,2,2026-02-27T18:00:00+00:00,47,0.23353779543188258,0.19809032813711358,0.2689852627266516
29,2026-02-26T19:00:00+00:00,1,2026-02-26T19:00:00+00:00,0,0.19136275332769684,0.15223463708240526,0.23049086957298842
29,2026-02-26T19:00:00+00:00,1,2026-02-26T20:00:00+00:00,1,0.11616097944660518,0.0770328632013136,0.15528909569189675
29,2026-02-26T19:00:00+00:00,1,2026-02-26T21:00:00+00:00,2,0.29382851453207465,0.25470039828678304,0.33295663077736626
29,2026-02-26T19:00:00+00:00,1,2026-02-26T22:00:00+00:00,3,0.3159068205272267,0.2767787042819351,0.3550349367725183
29,2026-02-26T19:00:00+00:00,1,2026-02-26T23:00:00+00:00,4,0.21021194730886367,0.17108383106357208,0.24934006355415525
29,2026-02-26T19:00:00+00:00,1,2026-02-27T00:00:00+00:00,5,0.17421556465928834,0.13508744841399675,0.21334368090457992
29,2026-02-26T19:00:00+00:00,1,2026-02-27T01:00:00+00:00,6,0.18076499039768337,0.1416368741523918,0.21989310664297496
29,2026-02-26T19:00:00+00:00,1,2026-02-27T02:00:00+00:00,7,0.17980088263372246,0.14067276638843088,0.21892899887901404
29,2026-02-26T19:00:00+00:00,1,2026-02-27T03:00:00+00:00,8,0.08638092839261968,0.0472528121473281,0.12550904463791127
29,2026-02-26T19:00:00+00:00,1,2026-02-27T04:00:00+00:00,9,0.05642827782429655,0.017300161579004963,0.09555639406958813
29,2026-02-26T19:00:00+00:00,1,2026-02-27T05:00:00+00:00,10,0.02940553325550367,0.0,0.06853364950079525
29,2026-02-26T19:00:00+00:00,1,2026-02-27T06:00:00+00:00,11,0.06551794699779867,0.026389830752507087,0.10464606324309025
29,2026-02-26T19:00:00+00:00,1,2026-02-27T07:00:00+00:00,12,0.04013367762117862,0.0010055613758870388,0.0792617938664702
29,2026-02-26T19:00:00+00:00,1,2026-02-27T08:00:00+00:00,13,0.0772046355154706,0.03807651927017902,0.11633275176076219
29,2026-02-26T19:00:00+00:00,1,2026-02-27T09:00:00+00:00,14,0.17215575518073717,0.13302763893544559,0.21128387142602875
29,2026-02-26T19:00:00+00:00,1,2026-02-27T10:00:00+00:00,15,0.24580706531717755,0.20667894907188597,0.2849351815624691
29,2026-02-26T19:00:00+00:00,1,2026-02-27T11:00:00+00:00,16,0.3052049695802706,0.266076853334979,0.3443330858255622
29,2026-02-26T19:00:00+00:00,1,2026-02-27T12:00:00+00:00,17,0.3602024647682016,0.32107434852291006,0.39933058101349317
29,2026-02-26T19:00:00+00:00,1,2026-02-27T13:00:00+00:00,18,0.33384052901883265,0.2947124127735411,0.3729686452641242
29,2026-02-26T19:00:00+00:00,1,2026-02-27T14:00:00+00:00,19,0.32865576922526485,0.2895276529799733,0.3677838854705564
29,2026-02-26T19:00:00+00:00,1,2026-02-27T15:00:00+00:00,20,0.3242824432520111,0.2851543270067195,0.3634105594973027
29,2026-02-26T19:00:00+00:00,1,2026-02-27T16:00:00+00:00,21,0.2763661978132126,0.237238081567921,0.31549431405850414
29,2026-02-26T19:00:00+00:00,1,2026-02-27T17:00:00+00:00,22,0.323117117573333,0.2839890013280414,0.3622452338186246
29,2026-02-26T19:00:00+00:00,1,2026-02-27T18:00:00+00:00,23,0.3551407907432562,0.31601267449796466,0.3942689069885478
29,2026-02-26T19:00:00+00:00,1,2026-02-27T19:00:00+00:00,24,0.3542061115237782,0.31507799527848657,0.3933342277690698
29,2026-02-26T19:00:00+00:00,1,2026-02-27T20:00:00+00:00,25,0.24967243544377207,0.2105443191984805,0.28880055168906366
29,2026-02-26T19:00:00+00:00,1,2026-02-27T21:00:00+00:00,26,0.20552542630940282,0.16639731006411124,0.2446535425546944
29,2026-02-26T19:00:00+00:00,1,2026-02-27T22:00:00+00:00,27,0.24006514048058022,0.20093702423528864,0.2791932567258718
29,2026-02-26T19:00:00+00:00,1,2026-02-27T23:00:00+00:00,28,0.25561918682075485,0.21649107057546327,0.29474730306604646
29,2026-02-26T19:00:00+00:00,1,2026-02-28T00:00:00+00:00,29,0.25439124533147356,0.21526312908618198,0.29351936157676517
29,2026-02-26T19:00:00+00:00,1,2026-02-28T01:00:00+00:00,30,0.3589249214114797,0.31979680516618814,0.39805303765677125
29,2026-02-26T19:00:00+00:00,1,2026-02-28T02:00:00+00:00,31,0.4781356578973282,0.4390075416520366,0.5172637741426198
29,2026-02-26T19:00:00+00:00,1,2026-02-28T03:00:00+00:00,32,0.4484576118904741,0.4093294956451825,0.48758572813576573
29,2026-02-26T19:00:00+00:00,1,2026-02-28T04:00:00+00:00,33,0.3529789017332297,0.3138507854879381,0.3921070179785213
29,2026-02-26T19:00:00+00:00,1,2026-02-28T05:00:00+00:00,34,0.4722675159834415,0.43313939973814997,0.5113956322287331
29,2026-02-26T19:00:00+00:00,1,2026-02-28T06:00:00+00:00,35,0.522003246457247,0.4828751302119555,0.5611313627025386
29,2026-02-26T19:00:00+00:00,1,2026-02-28T07:00:00+00:00,36,0.47261744513889803,0.4334893288936065,0.5117455613841896
29,2026-02-26T19:00:00+00:00,1,2026-02-28T08:00:00+00:00,37,0.468669401859769,0.42954128561447746,0.5077975181050606
29,2026-02-26T19:00:00+00:00,1,2026-02-28T09:00:00+00:00,38,0.46825084140577733,0.4291227251604858,0.5073789576510689
29,2026-02-26T19:00:00+00:00,1,2026-02-28T10:00:00+00:00,39,0.34989690637504356,0.310768790129752,0.3890250226203351
29,2026-02-26T19:00:00+00:00,1,2026-02-28T11:00:00+00:00,40,0.31787323320512034,0.27874511695982873,0.35700134945041195
29,2026-02-26T19:00:00+00:00,1,2026-02-28T12:00:00+00:00,41,0.3510403215910718,0.31191220534578024,0.39016843783636335
29,2026-02-26T19:00:00+00:00,1,2026-02-28T13:00:00+00:00,42,0.3511121247942661,0.31198400854897457,0.3902402410395577
29,2026-02-26T19:00:00+00:00,1,2026-02-28T14:00:00+00:00,43,0.24173909686427622,0.20261098061898464,0.2808672131095678
29,2026-02-26T19:00:00+00:00,1,2026-02-28T15:00:00+00:00,44,0.18599218805859222,0.14686407181330063,0.2251203043038838
29,2026-02-26T19:00:00+00:00,1,2026-02-28T16:00:00+00:00,45,0.10161381457589966,0.062485698330608075,0.14074193082119124
29,2026-02-26T19:00:00+00:00,1,2026-02-28T17:00:00+00:00,46,0.07482854262944456,0.03570042638415298,0.11395665887473615
29,2026-02-26T19:00:00+00:00,1,2026-02-28T18:00:00+00:00,47,0.02317477834509065,0.0,0.062302894590382234
29,2026-02-26T19:00:00+00:00,2,2026-02-26T19:00:00+00:00,0,0.17190097748900796,0.13645351019423896,0.20734844478377695
29,2026-02-26T19:00:00+00:00,2,2026-02-26T20:00:00+00:00,1,0.10116923690697764,0.06572176961220864,0.13661670420174665
29,2026-02-26T19:00:00+00:00,2,2026-02-26T21:00:00+00:00,2,0.2724301280438514,0.23698266074908242,0.3078775953386204
29,2026-02-26T19:00:00+00:00,2,2026-02-26T22:00:00+00:00,3,0.2762899673229275,0.2408425000281585,0.3117374346176965
29,2026-02-26T19:00:00+00:00,2,2026-02-26T23:00:00+00:00,4,0.20079997997917337,0.16535251268440437,0.23624744727394237
29,2026-02-26T19:00:00+00:00,2,2026-02-27T00:00:00+00:00,5,0.15110145214037857,0.11565398484560957,0.18654891943514756
29,2026-02-26T19:00:00+00:00,2,2026-02-27T01:00:00+00:00,6,0.167795438524323,0.132347971229554,0.203242905819092
29,2026-02-26T19:00:00+00:00,2,2026-02-27T02:00:00+00:00,7,0.167795438524323,0.132347971229554,0.203242905819092
29,2026-02-26T19:00:00+00:00,2,2026-02-27T03:00:00+00:00,8,0.08108314658796861,0.045635679293199616,0.11653061388273761
29,2026-02-26T19:00:00+00:00,2,2026-02-27T04:00:00+00:00,9,0.04521433905147326,0.009766871756704265,0.08066180634624226
29,2026-02-26T19:00:00+00:00,2,2026-02-27T05:00:00+00:00,10,0.03178579490532332,0.0,0.06723326220009232
29,2026-02-26T19:00:00+00:00,2,2026-02-27T06:00:00+00:00,11,0.06554302830708708,0.030095561012318084,0.10099049560185608
29,2026-02-26T19:00:00+00:00,2,2026-02-27T07:00:00+00:00,12,0.04339242313658932,0.007944955841820325,0.07883989043135832
29,2026-02-26T19:00:00+00:00,2,2026-02-27T08:00:00+00:00,13,0.07769833983362995,0.04225087253886095,0.11314580712839895
29,2026-02-26T19:00:00+00:00,2,2026-02-27T09:00:00+00:00,14,0.1713857400655695,0.1359382727708005,0.2068332073603385
29,2026-02-26T19:00:00+00:00,2,2026-02-27T10:00:00+00:00,15,0.24025159934629953,0.20480413205153053,0.2756990666410685
29,2026-02-26T19:00:00+00:00,2,2026-02-27T11:00:00+00:00,16,0.2762899673229275,0.2408425000281585,0.3117374346176965
29,2026-02-26T19:00:00+00:00,2,2026-02-27T12:00:00+00:00,17,0.3597875434008842,0.3243400761061152,0.3952350106956532
29,2026-02-26T19:00:00+00:00,2,2026-02-27T13:00:00+00:00,18,0.3597875434008842,0.3243400761061152,0.3952350106956532
29,2026-02-26T19:00:00+00:00,2,2026-02-27T14:00:00+00:00,19,0.3540192589790191,0.3185717916842501,0.3894667262737881
29,2026-02-26T19:00:00+00:00,2,2026-02-27T15:00:00+00:00,20,0.3534758698008898,0.3180284025061208,0.3889233370956588
29,2026-02-26T19:00:00+00:00,2,2026-02-27T16:00:00+00:00,21,0.2610593754318821,0.22561190813711313,0.2965068427266511
29,2026-02-26T19:00:00+00:00,2,2026-02-27T17:00:00+00:00,22,0.3534758698008898,0.3180284025061208,0.3889233370956588
29,2026-02-26T19:00:00+00:00,2,2026-02-27T18:00:00+00:00,23,0.3549482460485524,0.3195007787537834,0.3903957133433214
29,2026-02-26T19:00:00+00:00,2,2026-02-27T19:00:00+00:00,24,0.3534758698008898,0.3180284025061208,0.3889233370956588
29,2026-02-26T19:00:00+00:00,2,2026-02-27T20:00:00+00:00,25,0.23176337543188258,0.19631590813711358,0.2672108427266516
29,2026-02-26T19:00:00+00:00,2,2026-02-27T21:00:00+00:00,26,0.205736922168153,0.170289454873384,0.241184389462922
29,2026-02-26T19:00:00+00:00,2,2026-02-27T22:00:00+00:00,27,0.23176337543188258,0.19631590813711358,0.2672108427266516
29,2026-02-26T19:00:00+00:00,2,2026-02-27T23:00:00+00:00,28,0.2610593754318821,0.22561190813711313,0.2965068427266511
29,2026-02-26T19:00:00+00:00,2,2026-02-28T00:00:00+00:00,29,0.23176337543188258,0.19631590813711358,0.2672108427266516
29,2026-02-26T19:00:00+00:00,2,2026-02-28T01:00:00+00:00,30,0.3248328698008898,0.2893854025061208,0.3602803370956588
29,2026-02-26T19:00:00+00:00,2,2026-02-28T02:00:00+00:00,31,0.4555754708650701,0.4201280035703011,0.4910229381598391
29,2026-02-26T19:00:00+00:00,2,2026-02-28T03:00:00+00:00,32,0.4269047282339543,0.3914572609391853,0.4623521955287233
29,2026-02-26T19:00:00+00:00,2,2026-02-28T04:00:00+00:00,33,0.32630524604855243,0.29085777875378344,0.36175271334332143
29,2026-02-26T19:00:00+00:00,2,2026-02-28T05:00:00+00:00,34,0.4555754708650701,0.4201280035703011,0.4910229381598391
29,2026-02-26T19:00:00+00:00,2,2026-02-28T06:00:00+00:00,35,0.4843755429103011,0.4489280756155321,0.51982301020507
29,2026-02-26T19:00:00+00:00,2,2026-02-28T07:00:00+00:00,36,0.4555754708650701,0.4201280035703011,0.4910229381598391
29,2026-02-26T19:00:00+00:00,2,2026-02-28T08:00:00+00:00,37,0.4555754708650701,0.4201280035703011,0.4910229381598391
29,2026-02-26T19:00:00+00:00,2,2026-02-28T09:00:00+00:00,38,0.4555754708650701,0.4201280035703011,0.4910229381598391
29,2026-02-26T19:00:00+00:00,2,2026-02-28T10:00:00+00:00,39,0.36444824604855247,0.3290007787537835,0.39989571334332147
29,2026-02-26T19:00:00+00:00,2,2026-02-28T11:00:00+00:00,40,0.3248328698008898,0.2893854025061208,0.3602803370956588
29,2026-02-26T19:00:00+00:00,2,2026-02-28T12:00:00+00:00,41,0.32630524604855243,0.29085777875378344,0.36175271334332143
29,2026-02-26T19:00:00+00:00,2,2026-02-28T13:00:00+00:00,42,0.3248328698008898,0.2893854025061208,0.3602803370956588
29,2026-02-26T19:00:00+00:00,2,2026-02-28T14:00:00+00:00,43,0.2324163754318826,0.1969689081371136,0.2678638427266516
29,2026-02-26T19:00:00+00:00,2,2026-02-28T15:00:00+00:00,44,0.19564176958085008,0.1601943022860811,0.23108923687561908
29,2026-02-26T19:00:00+00:00,2,2026-02-28T16:00:00+00:00,45,0.09040829703444397,0.05496082973967498,0.12585576432921297
29,2026-02-26T19:00:00+00:00,2,2026-02-28T17:00:00+00:00,46,0.05656202702876902,0.021114559734000025,0.09200949432353803
29,2026-02-26T19:00:00+00:00,2,2026-02-28T18:00:00+00:00,47,0.024851652531850954,0.0,0.06029911982661995
30,2026-02-27T19:00:00+00:00,1,2026-02-27T19:00:00+00:00,0,0.2826003769330533,0.2434722606877617,0.32172849317834484
30,2026-02-27T19:00:00+00:00,1,2026-02-27T20:00:00+00:00,1,0.25090037693305334,0.21177226068776175,0.2900284931783449
30,2026-02-27T19:00:00+00:00,1,2026-02-27T21:00:00+00:00,2,0.2857139601613831,0.24658584391609153,0.32484207640667473
30,2026-02-27T19:00:00+00:00,1,2026-02-27T22:00:00+00:00,3,0.23117410740881086,0.19204599116351928,0.27030222365410245
30,2026-02-27T19:00:00+00:00,1,2026-02-27T23:00:00+00:00,4,0.1409252418118233,0.10179712556653173,0.1800533580571149
30,2026-02-27T19:00:00+00:00,1,2026-02-28T00:00:00+00:00,5,0.25439124533147356,0.21526312908618198,0.29351936157676517
30,2026-02-27T19:00:00+00:00,1,2026-02-28T01:00:00+00:00,6,0.25561918682075485,0.21649107057546327,0.29474730306604646
30,2026-02-27T19:00:00+00:00,1,2026-02-28T02:00:00+00:00,7,0.36037855020524084,0.32125043395994923,0.39950666645053245
30,2026-02-27T19:00:00+00:00,1,2026-02-28T03:00:00+00:00,8,0.4142638440993098,0.37513572785401816,0.4533919603446014
30,2026-02-27T19:00:00+00:00,1,2026-02-28T04:00:00+00:00,9,0.3529789017332297,0.3138507854879381,0.3921070179785213
30,2026-02-27T19:00:00+00:00,1,2026-02-28T05:00:00+00:00,10,0.5510518783575679,0.5119237621122763,0.5901799946028594
30,2026-02-27T19:00:00+00:00,1,2026-02-28T06:00:00+00:00,11,0.38128322349636556,0.342155107251074,0.4204113397416571
30,2026-02-27T19:00:00+00:00,1,2026-02-28T07:00:00+00:00,12,0.47261744513889803,0.4334893288936065,0.5117455613841896
30,2026-02-27T19:00:00+00:00,1,2026-02-28T08:00:00+00:00,13,0.47095632847156776,0.4318282122262762,0.5100844447168593
30,2026-02-27T19:00:00+00:00,1,2026-02-28T09:00:00+00:00,14,0.4369431458678419,0.39781502962255033,0.47607126211313344
30,2026-02-27T19:00:00+00:00,1,2026-02-28T10:00:00+00:00,15,0.34989690637504356,0.310768790129752,0.3890250226203351
30,2026-02-27T19:00:00+00:00,1,2026-02-28T11:00:00+00:00,16,0.2870732332051204,0.24794511695982882,0.326201349450412
30,2026-02-27T19:00:00+00:00,1,2026-02-28T12:00:00+00:00,17,0.22520207591055164,0.18607395966526005,0.2643301921558432
30,2026-02-27T19:00:00+00:00,1,2026-02-28T13:00:00+00:00,18,0.21425649914315478,0.1751283828978632,0.25338461538844637
30,2026-02-27T19:00:00+00:00,1,2026-02-28T14:00:00+00:00,19,0.1361184058641629,0.09699028961887132,0.1752465221094545
30,2026-02-27T19:00:00+00:00,1,2026-02-28T15:00:00+00:00,20,0.0744099821754529,0.03528186593016132,0.11353809842074448
30,2026-02-27T19:00:00+00:00,1,2026-02-28T16:00:00+00:00,21,0.052622185595903946,0.013494069350612363,0.09175030184119554
30,2026-02-27T19:00:00+00:00,1,2026-02-28T17:00:00+00:00,22,0.02314234426574674,0.0,0.06227046051103832
30,2026-02-27T19:00:00+00:00,1,2026-02-28T18:00:00+00:00,23,0.011999110805784313,0.0,0.0511272270510759
30,2026-02-27T19:00:00+00:00,1,2026-02-28T19:00:00+00:00,24,0.008208515610469291,0.0,0.047336631855760876
30,2026-02-27T19:00:00+00:00,1,2026-02-28T20:00:00+00:00,25,0.009091393522595132,0.0,0.04821950976788671
30,2026-02-27T19:00:00+00:00,1,2026-02-28T21:00:00+00:00,26,0.009588450896051436,0.0,0.04871656714134302
30,2026-02-27T19:00:00+00:00,1,2026-02-28T22:00:00+00:00,27,0.010000085102853464,0.0,0.04912820134814505
30,2026-02-27T19:00:00+00:00,1,2026-02-28T23:00:00+00:00,28,0.010000085102853464,0.0,0.04912820134814505
30,2026-02-27T19:00:00+00:00,1,2026-03-01T00:00:00+00:00,29,0.010000085102853464,0.0,0.04912820134814505
30,2026-02-27T19:00:00+00:00,1,2026-03-01T01:00:00+00:00,30,0.010000085102853464,0.0,0.04912820134814505
30,2026-02-27T19:00:00+00:00,1,2026-03-01T02:00:00+00:00,31,0.010000085102853464,0.0,0.04912820134814505
30,2026-02-27T19:00:00+00:00,1,2026-03-01T03:00:00+00:00,32,0.010000085102853464,0.0,0.04912820134814505
30,2026-02-27T19:00:00+00:00,1,2026-03-01T04:00:00+00:00,33,0.010000085102853464,0.0,0.04912820134814505
30,2026-02-27T19:00:00+00:00,1,2026-03-01T05:00:00+00:00,34,0.010000085102853464,0.0,0.04912820134814505
30,2026-02-27T19:00:00+00:00,1,2026-03-01T06:00:00+00:00,35,0.009463228474219446,0.0,0.04859134471951103
30,2026-02-27T19:00:00+00:00,1,2026-03-01T07:00:00+00:00,36,0.00955608294225934,0.0,0.048684199187550924
30,2026-02-27T19:00:00+00:00,1,2026-03-01T08:00:00+00:00,37,0.009387194359000012,0.0,0.048515310604291595
30,2026-02-27T19:00:00+00:00,1,2026-03-01T09:00:00+00:00,38,0.009488118278092832,0.0,0.04861623452338441
30,2026-02-27T19:00:00+00:00,1,2026-03-01T10:00:00+00:00,39,0.009485322800512543,0.0,0.048613439045804126
30,2026-02-27T19:00:00+00:00,1,2026-03-01T11:00:00+00:00,40,0.005919612839933681,0.0,0.045047729085225266
30,2026-02-27T19:00:00+00:00,1,2026-03-01T12:00:00+00:00,41,0.010000085102853464,0.0,0.04912820134814505
30,2026-02-27T19:00:00+00:00,1,2026-03-01T13:00:00+00:00,42,0.010000085102853464,0.0,0.04912820134814505
30,2026-02-27T19:00:00+00:00,1,2026-03-01T14:00:00+00:00,43,0.00798020541938881,0.0,0.047108321664680396
30,2026-02-27T19:00:00+00:00,1,2026-03-01T15:00:00+00:00,44,0.03106862830449813,0.0,0.07019674454978972
30,2026-02-27T19:00:00+00:00,1,2026-03-01T16:00:00+00:00,45,0.2055411946679876,0.166413078422696,0.24466931091327918
30,2026-02-27T19:00:00+00:00,1,2026-03-01T17:00:00+00:00,46,0.4465910829344205,0.40746296668912896,0.48571919917971207
30,2026-02-27T19:00:00+00:00,1,2026-03-01T18:00:00+00:00,47,0.5522790881481161,0.5131509719028245,0.5914072043934077
30,2026-02-27T19:00:00+00:00,2,2026-02-27T19:00:00+00:00,0,0.2613751393179878,0.22592767202321878,0.2968226066127568
30,2026-02-27T19:00:00+00:00,2,2026-02-27T20:00:00+00:00,1,0.2610593754318821,0.22561190813711313,0.2965068427266511
30,2026-02-27T19:00:00+00:00,2,2026-02-27T21:00:00+00:00,2,0.2613751393179878,0.22592767202321878,0.2968226066127568
30,2026-02-27T19:00:00+00:00,2,2026-02-27T22:00:00+00:00,3,0.21633214906694484,0.18088468177217584,0.25177961636171386
30,2026-02-27T19:00:00+00:00,2,2026-02-27T23:00:00+00:00,4,0.1283525092436507,0.09290504194888169,0.16379997653841968
30,2026-02-27T19:00:00+00:00,2,2026-02-28T00:00:00+00:00,5,0.2610593754318821,0.22561190813711313,0.2965068427266511
30,2026-02-27T19:00:00+00:00,2,2026-02-28T01:00:00+00:00,6,0.2610593754318821,0.22561190813711313,0.2965068427266511
30,2026-02-27T19:00:00+00:00,2,2026-02-28T02:00:00+00:00,7,0.3549482460485524,0.3195007787537834,0.3903957133433214
30,2026-02-27T19:00:00+00:00,2,2026-02-28T03:00:00+00:00,8,0.3850759190638846,0.3496284517691156,0.4205233863586536
30,2026-02-27T19:00:00+00:00,2,2026-02-28T04:00:00+00:00,9,0.3549482460485524,0.3195007787537834,0.3903957133433214
30,2026-02-27T19:00:00+00:00,2,2026-02-28T05:00:00+00:00,10,0.5250829716422698,0.4896355043475008,0.5605304389370388
30,2026-02-27T19:00:00+00:00,2,2026-02-28T06:00:00+00:00,11,0.36496565208588466,0.32951818479111566,0.40041311938065366
30,2026-02-27T19:00:00+00:00,2,2026-02-28T07:00:00+00:00,12,0.44607547086507005,0.41062800357030105,0.48152293815983904
30,2026-02-27T19:00:00+00:00,2,2026-02-28T08:00:00+00:00,13,0.4812754708650701,0.4458280035703011,0.516722938159839
30,2026-02-27T19:00:00+00:00,2,2026-02-28T09:00:00+00:00,14,0.3850759190638846,0.3496284517691156,0.4205233863586536
30,2026-02-27T19:00:00+00:00,2,2026-02-28T10:00:00+00:00,15,0.36444824604855247,0.3290007787537835,0.39989571334332147
30,2026-02-27T19:00:00+00:00,2,2026-02-28T11:00:00+00:00,16,0.2646321393179878,0.2291846720232188,0.3000796066127568
30,2026-02-27T19:00:00+00:00,2,2026-02-28T12:00:00+00:00,17,0.22513277226874548,0.18968530497397648,0.2605802395635145
30,2026-02-27T19:00:00+00:00,2,2026-02-28T13:00:00+00:00,18,0.21098003103850402,0.17553256374373502,0.24642749833327302
30,2026-02-27T19:00:00+00:00,2,2026-02-28T14:00:00+00:00,19,0.14447221288162568,0.10902474558685668,0.17991968017639468
30,2026-02-27T19:00:00+00:00,2,2026-02-28T15:00:00+00:00,20,0.05656202702876902,0.021114559734000025,0.09200949432353803
30,2026-02-27T19:00:00+00:00,2,2026-02-28T16:00:00+00:00,21,0.04876877562219629,0.01332130832742729,0.08421624291696528
30,2026-02-27T19:00:00+00:00,2,2026-02-28T17:00:00+00:00,22,0.024851652531850954,0.0,0.06029911982661995
30,2026-02-27T19:00:00+00:00,2,2026-02-28T18:00:00+00:00,23,0.008377234389546196,0.0,0.043824701684315195
30,2026-02-27T19:00:00+00:00,2,2026-02-28T19:00:00+00:00,24,0.005104677810423019,0.0,0.04055214510519202
30,2026-02-27T19:00:00+00:00,2,2026-02-28T20:00:00+00:00,25,0.00815888888411331,0.0,0.04360635617888231
30,2026-02-27T19:00:00+00:00,2,2026-02-28T21:00:00+00:00,26,0.009347674426547395,0.0,0.04479514172131639
30,2026-02-27T19:00:00+00:00,2,2026-02-28T22:00:00+00:00,27,0.010000079546339509,0.0,0.04544754684110851
30,2026-02-27T19:00:00+00:00,2,2026-02-28T23:00:00+00:00,28,0.010000079546339509,0.0,0.04544754684110851
30,2026-02-27T19:00:00+00:00,2,2026-03-01T00:00:00+00:00,29,0.010000079546339509,0.0,0.04544754684110851
30,2026-02-27T19:00:00+00:00,2,2026-03-01T01:00:00+00:00,30,0.010000079546339509,0.0,0.04544754684110851
30,2026-02-27T19:00:00+00:00,2,2026-03-01T02:00:00+00:00,31,0.010000079546339509,0.0,0.04544754684110851
30,2026-02-27T19:00:00+00:00,2,2026-03-01T03:00:00+00:00,32,0.010000079546339509,0.0,0.04544754684110851
30,2026-02-27T19:00:00+00:00,2,2026-03-01T04:00:00+00:00,33,0.010000079546339509,0.0,0.04544754684110851
30,2026-02-27T19:00:00+00:00,2,2026-03-01T05:00:00+00:00,34,0.010000079546339509,0.0,0.04544754684110851
30,2026-02-27T19:00:00+00:00,2,2026-03-01T06:00:00+00:00,35,0.009992367862838358,0.0,0.045439835157607356
30,2026-02-27T19:00:00+00:00,2,2026-03-01T07:00:00+00:00,36,0.009915875124255864,0.0,0.04536334241902486
30,2026-02-27T19:00:00+00:00,2,2026-03-01T08:00:00+00:00,37,0.009915875124255864,0.0,0.04536334241902486
30,2026-02-27T19:00:00+00:00,2,2026-03-01T09:00:00+00:00,38,0.009977039925874575,0.0,0.045424507220643576
30,2026-02-27T19:00:00+00:00,2,2026-03-01T10:00:00+00:00,39,0.009915875124255864,0.0,0.04536334241902486
30,2026-02-27T19:00:00+00:00,2,2026-03-01T11:00:00+00:00,40,0.008449048914721794,0.0,0.04389651620949079
30,2026-02-27T19:00:00+00:00,2,2026-03-01T12:00:00+00:00,41,0.010000079546339509,0.0,0.04544754684110851
30,2026-02-27T19:00:00+00:00,2,2026-03-01T13:00:00+00:00,42,0.010000079546339509,0.0,0.04544754684110851
30,2026-02-27T19:00:00+00:00,2,2026-03-01T14:00:00+00:00,43,0.008449048914721794,0.0,0.04389651620949079
30,2026-02-27T19:00:00+00:00,2,2026-03-01T15:00:00+00:00,44,0.03145614217951125,0.0,0.06690360947428026
30,2026-02-27T19:00:00+00:00,2,2026-03-01T16:00:00+00:00,45,0.205736922168153,0.170289454873384,0.241184389462922
30,2026-02-27T19:00:00+00:00,2,2026-03-01T17:00:00+00:00,46,0.4135993030452046,0.3781518357504356,0.4490467703399736
30,2026-02-27T19:00:00+00:00,2,2026-03-01T18:00:00+00:00,47,0.4997771812184312,0.4643297139236622,0.5352246485132002
